seed,ROI_i,ROI_j,mean_abs_shap,median_shap,std_shap,iqr_shap
29,ROI_55,ROI_1,0.09043072,0.09043072,0.0,0.0
29,ROI_47,ROI_54,0.087915376,0.087915376,0.0,0.0
29,ROI_12,ROI_8,0.078000024,0.078000024,0.0,0.0
29,ROI_43,ROI_20,0.06626774,0.06626774,0.0,0.0
29,ROI_58,ROI_14,0.059813738,0.059813738,0.0,0.0
29,ROI_36,ROI_31,0.05526927,0.05526927,0.0,0.0
29,ROI_2,ROI_43,0.05347932,0.05347932,0.0,0.0
29,ROI_14,ROI_23,0.04366216,0.04366216,0.0,0.0
29,ROI_7,ROI_36,0.040947143,0.040947143,0.0,0.0
29,ROI_17,ROI_42,0.038971085,0.038971085,0.0,0.0
29,ROI_36,ROI_7,0.036885884,0.036885884,0.0,0.0
29,ROI_14,ROI_58,0.036581803,0.036581803,0.0,0.0
29,ROI_1,ROI_19,0.036292817,0.036292817,0.0,0.0
29,ROI_58,ROI_32,0.03574474,0.03574474,0.0,0.0
29,ROI_40,ROI_8,0.034721296,0.034721296,0.0,0.0
29,ROI_29,ROI_20,0.03262425,0.03262425,0.0,0.0
29,ROI_20,ROI_43,0.032253347,0.032253347,0.0,0.0
29,ROI_10,ROI_23,0.03215766,0.03215766,0.0,0.0
29,ROI_29,ROI_56,0.030955087,0.030955087,0.0,0.0
29,ROI_17,ROI_53,0.028651763,0.028651763,0.0,0.0
29,ROI_10,ROI_58,0.02847328,0.02847328,0.0,0.0
29,ROI_56,ROI_9,0.028010508,0.028010508,0.0,0.0
29,ROI_51,ROI_19,0.025600867,0.025600867,0.0,0.0
29,ROI_23,ROI_10,0.025255322,0.025255322,0.0,0.0
29,ROI_8,ROI_18,0.024380617,0.024380617,0.0,0.0
29,ROI_29,ROI_42,0.02408287,0.02408287,0.0,0.0
29,ROI_43,ROI_2,0.023424352,0.023424352,0.0,0.0
29,ROI_6,ROI_43,0.022728108,0.022728108,0.0,0.0
29,ROI_20,ROI_36,0.021893198,0.021893198,0.0,0.0
29,ROI_6,ROI_61,0.021400303,0.021400303,0.0,0.0
29,ROI_46,ROI_55,0.020555487,0.020555487,0.0,0.0
29,ROI_23,ROI_8,0.020478897,0.020478897,0.0,0.0
29,ROI_58,ROI_10,0.019907644,0.019907644,0.0,0.0
29,ROI_44,ROI_50,0.01962703,0.01962703,0.0,0.0
29,ROI_49,ROI_52,0.018868139,0.018868139,0.0,0.0
29,ROI_30,ROI_6,0.01883846,0.01883846,0.0,0.0
29,ROI_61,ROI_28,0.01863926,0.01863926,0.0,0.0
29,ROI_30,ROI_42,0.018522315,0.018522315,0.0,0.0
29,ROI_5,ROI_12,0.018342277,0.018342277,0.0,0.0
29,ROI_22,ROI_11,0.017864581,0.017864581,0.0,0.0
29,ROI_22,ROI_47,0.017805742,0.017805742,0.0,0.0
29,ROI_47,ROI_37,0.017768795,0.017768795,0.0,0.0
29,ROI_14,ROI_14,0.0166134,0.0166134,0.0,0.0
29,ROI_34,ROI_61,0.016518192,0.016518192,0.0,0.0
29,ROI_30,ROI_12,0.016491989,0.016491989,0.0,0.0
29,ROI_61,ROI_27,0.016237926,0.016237926,0.0,0.0
29,ROI_11,ROI_60,0.01622905,0.01622905,0.0,0.0
29,ROI_6,ROI_44,0.016123442,0.016123442,0.0,0.0
29,ROI_23,ROI_32,0.015848493,0.015848493,0.0,0.0
29,ROI_4,ROI_55,0.015672725,0.015672725,0.0,0.0
29,ROI_14,ROI_40,0.015634794,0.015634794,0.0,0.0
29,ROI_23,ROI_49,0.015594886,0.015594886,0.0,0.0
29,ROI_11,ROI_24,0.015584648,0.015584648,0.0,0.0
29,ROI_53,ROI_13,0.015415897,0.015415897,0.0,0.0
29,ROI_56,ROI_58,0.014699365,0.014699365,0.0,0.0
29,ROI_55,ROI_13,0.014587746,0.014587746,0.0,0.0
29,ROI_26,ROI_11,0.013285462,0.013285462,0.0,0.0
29,ROI_37,ROI_33,0.012844046,0.012844046,0.0,0.0
29,ROI_20,ROI_24,0.0126698315,0.0126698315,0.0,0.0
29,ROI_24,ROI_58,0.012367375,0.012367375,0.0,0.0
29,ROI_22,ROI_37,0.012193069,0.012193069,0.0,0.0
29,ROI_2,ROI_53,0.012101856,0.012101856,0.0,0.0
29,ROI_7,ROI_7,0.012042028,0.012042028,0.0,0.0
29,ROI_9,ROI_56,0.011313598,0.011313598,0.0,0.0
29,ROI_29,ROI_39,0.011018063,0.011018063,0.0,0.0
29,ROI_34,ROI_44,0.0109445825,0.0109445825,0.0,0.0
29,ROI_30,ROI_25,0.010853298,0.010853298,0.0,0.0
29,ROI_61,ROI_6,0.010605259,0.010605259,0.0,0.0
29,ROI_44,ROI_56,0.010563695,0.010563695,0.0,0.0
29,ROI_22,ROI_19,0.010217795,0.010217795,0.0,0.0
29,ROI_2,ROI_6,0.010133274,0.010133274,0.0,0.0
29,ROI_37,ROI_58,0.009866406,0.009866406,0.0,0.0
29,ROI_24,ROI_24,0.009861899,0.009861899,0.0,0.0
29,ROI_22,ROI_33,0.009833647,0.009833647,0.0,0.0
29,ROI_44,ROI_49,0.009805579,0.009805579,0.0,0.0
29,ROI_17,ROI_22,0.009647104,0.009647104,0.0,0.0
29,ROI_25,ROI_29,0.009644529,0.009644529,0.0,0.0
29,ROI_24,ROI_60,0.009611048,0.009611048,0.0,0.0
29,ROI_52,ROI_25,0.009611041,0.009611041,0.0,0.0
29,ROI_19,ROI_20,0.009571273,0.009571273,0.0,0.0
29,ROI_9,ROI_35,0.009548799,0.009548799,0.0,0.0
29,ROI_39,ROI_13,0.009432416,0.009432416,0.0,0.0
29,ROI_3,ROI_45,0.009431134,0.009431134,0.0,0.0
29,ROI_6,ROI_7,0.008979666,0.008979666,0.0,0.0
29,ROI_44,ROI_24,0.008939856,0.008939856,0.0,0.0
29,ROI_60,ROI_56,0.008938925,0.008938925,0.0,0.0
29,ROI_17,ROI_8,0.008844414,0.008844414,0.0,0.0
29,ROI_51,ROI_48,0.008745184,0.008745184,0.0,0.0
29,ROI_20,ROI_45,0.008723187,0.008723187,0.0,0.0
29,ROI_4,ROI_61,0.008707228,0.008707228,0.0,0.0
29,ROI_15,ROI_59,0.008705851,0.008705851,0.0,0.0
29,ROI_8,ROI_3,0.008589103,0.008589103,0.0,0.0
29,ROI_49,ROI_43,0.008383161,0.008383161,0.0,0.0
29,ROI_20,ROI_37,0.00837634,0.00837634,0.0,0.0
29,ROI_40,ROI_39,0.008319764,0.008319764,0.0,0.0
29,ROI_21,ROI_5,0.008171589,0.008171589,0.0,0.0
29,ROI_18,ROI_8,0.008107506,0.008107506,0.0,0.0
29,ROI_55,ROI_40,0.008025735,0.008025735,0.0,0.0
29,ROI_9,ROI_24,0.007975188,0.007975188,0.0,0.0
29,ROI_60,ROI_47,0.007935474,0.007935474,0.0,0.0
29,ROI_61,ROI_42,0.007805905,0.007805905,0.0,0.0
29,ROI_59,ROI_30,0.0077843796,0.0077843796,0.0,0.0
29,ROI_10,ROI_56,0.007767743,0.007767743,0.0,0.0
29,ROI_8,ROI_8,0.007755984,0.007755984,0.0,0.0
29,ROI_12,ROI_25,0.0077439905,0.0077439905,0.0,0.0
29,ROI_39,ROI_7,0.007721891,0.007721891,0.0,0.0
29,ROI_58,ROI_62,0.0077190646,0.0077190646,0.0,0.0
29,ROI_39,ROI_31,0.00758044,0.00758044,0.0,0.0
29,ROI_45,ROI_26,0.0075254412,0.0075254412,0.0,0.0
29,ROI_45,ROI_59,0.007496501,0.007496501,0.0,0.0
29,ROI_40,ROI_14,0.007489752,0.007489752,0.0,0.0
29,ROI_27,ROI_33,0.007298279,0.007298279,0.0,0.0
29,ROI_11,ROI_22,0.0072854236,0.0072854236,0.0,0.0
29,ROI_45,ROI_25,0.007284277,0.007284277,0.0,0.0
29,ROI_40,ROI_32,0.007187618,0.007187618,0.0,0.0
29,ROI_59,ROI_42,0.0071826465,0.0071826465,0.0,0.0
29,ROI_30,ROI_48,0.0071620974,0.0071620974,0.0,0.0
29,ROI_32,ROI_58,0.0071368436,0.0071368436,0.0,0.0
29,ROI_55,ROI_28,0.0071017244,0.0071017244,0.0,0.0
29,ROI_12,ROI_39,0.00705656,0.00705656,0.0,0.0
29,ROI_26,ROI_58,0.0070399884,0.0070399884,0.0,0.0
29,ROI_24,ROI_8,0.007028226,0.007028226,0.0,0.0
29,ROI_42,ROI_2,0.0069996775,0.0069996775,0.0,0.0
29,ROI_32,ROI_23,0.006954688,0.006954688,0.0,0.0
29,ROI_29,ROI_12,0.006870102,0.006870102,0.0,0.0
29,ROI_56,ROI_60,0.006822442,0.006822442,0.0,0.0
29,ROI_20,ROI_3,0.0068051703,0.0068051703,0.0,0.0
29,ROI_62,ROI_1,0.0067280796,0.0067280796,0.0,0.0
29,ROI_4,ROI_47,0.006682951,0.006682951,0.0,0.0
29,ROI_61,ROI_29,0.0066770692,0.0066770692,0.0,0.0
29,ROI_54,ROI_54,0.0066147754,0.0066147754,0.0,0.0
29,ROI_22,ROI_56,0.006605599,0.006605599,0.0,0.0
29,ROI_12,ROI_19,0.00655511,0.00655511,0.0,0.0
29,ROI_53,ROI_30,0.0065148463,0.0065148463,0.0,0.0
29,ROI_26,ROI_60,0.006504525,0.006504525,0.0,0.0
29,ROI_52,ROI_49,0.0064315796,0.0064315796,0.0,0.0
29,ROI_33,ROI_35,0.0063199513,0.0063199513,0.0,0.0
29,ROI_7,ROI_18,0.00631318,0.00631318,0.0,0.0
29,ROI_30,ROI_14,0.006177419,0.006177419,0.0,0.0
29,ROI_36,ROI_10,0.0061594276,0.0061594276,0.0,0.0
29,ROI_15,ROI_57,0.006151987,0.006151987,0.0,0.0
29,ROI_26,ROI_37,0.006084118,0.006084118,0.0,0.0
29,ROI_2,ROI_7,0.0060351533,0.0060351533,0.0,0.0
29,ROI_32,ROI_32,0.006010097,0.006010097,0.0,0.0
29,ROI_39,ROI_8,0.0059984187,0.0059984187,0.0,0.0
29,ROI_27,ROI_43,0.005954021,0.005954021,0.0,0.0
29,ROI_37,ROI_22,0.00581395,0.00581395,0.0,0.0
29,ROI_24,ROI_32,0.0058100536,0.0058100536,0.0,0.0
29,ROI_45,ROI_52,0.0056945104,0.0056945104,0.0,0.0
29,ROI_49,ROI_23,0.0056223036,0.0056223036,0.0,0.0
29,ROI_37,ROI_26,0.0056166532,0.0056166532,0.0,0.0
29,ROI_17,ROI_44,0.0055933157,0.0055933157,0.0,0.0
29,ROI_2,ROI_50,0.005592045,0.005592045,0.0,0.0
29,ROI_7,ROI_42,0.0051954514,0.0051954514,0.0,0.0
29,ROI_3,ROI_10,0.0051093902,0.0051093902,0.0,0.0
29,ROI_13,ROI_31,0.004754363,0.004754363,0.0,0.0
29,ROI_45,ROI_39,0.004201819,0.004201819,0.0,0.0
29,ROI_29,ROI_57,0.0037655735,0.0037655735,0.0,0.0
29,ROI_3,ROI_57,0.0032406216,0.0032406216,0.0,0.0
29,ROI_2,ROI_25,0.0032334225,0.0032334225,0.0,0.0
29,ROI_5,ROI_14,0.003099678,0.003099678,0.0,0.0
29,ROI_43,ROI_48,0.0030694958,0.0030694958,0.0,0.0
29,ROI_11,ROI_48,0.002569698,0.002569698,0.0,0.0
29,ROI_8,ROI_9,0.0022032056,0.0022032056,0.0,0.0
29,ROI_7,ROI_44,0.0021908884,0.0021908884,0.0,0.0
29,ROI_5,ROI_62,0.0019948804,0.0019948804,0.0,0.0
29,ROI_4,ROI_22,0.0018576488,0.0018576488,0.0,0.0
29,ROI_6,ROI_28,0.0018440621,0.0018440621,0.0,0.0
29,ROI_4,ROI_33,0.0018220602,0.0018220602,0.0,0.0
29,ROI_38,ROI_11,0.0014834848,0.0014834848,0.0,0.0
29,ROI_9,ROI_12,0.0011784785,0.0011784785,0.0,0.0
29,ROI_40,ROI_47,0.0,0.0,0.0,0.0
29,ROI_42,ROI_30,0.0,0.0,0.0,0.0
29,ROI_40,ROI_48,0.0,0.0,0.0,0.0
29,ROI_42,ROI_33,0.0,0.0,0.0,0.0
29,ROI_40,ROI_49,0.0,0.0,0.0,0.0
29,ROI_42,ROI_31,0.0,0.0,0.0,0.0
29,ROI_40,ROI_44,0.0,0.0,0.0,0.0
29,ROI_42,ROI_32,0.0,0.0,0.0,0.0
29,ROI_43,ROI_16,0.0,0.0,0.0,0.0
29,ROI_43,ROI_15,0.0,0.0,0.0,0.0
29,ROI_43,ROI_14,0.0,0.0,0.0,0.0
29,ROI_43,ROI_6,0.0,0.0,0.0,0.0
29,ROI_40,ROI_46,0.0,0.0,0.0,0.0
29,ROI_43,ROI_9,0.0,0.0,0.0,0.0
29,ROI_42,ROI_53,0.0,0.0,0.0,0.0
29,ROI_42,ROI_54,0.0,0.0,0.0,0.0
29,ROI_42,ROI_55,0.0,0.0,0.0,0.0
29,ROI_42,ROI_56,0.0,0.0,0.0,0.0
29,ROI_43,ROI_10,0.0,0.0,0.0,0.0
29,ROI_42,ROI_57,0.0,0.0,0.0,0.0
29,ROI_42,ROI_58,0.0,0.0,0.0,0.0
29,ROI_42,ROI_59,0.0,0.0,0.0,0.0
29,ROI_42,ROI_60,0.0,0.0,0.0,0.0
29,ROI_42,ROI_51,0.0,0.0,0.0,0.0
29,ROI_42,ROI_61,0.0,0.0,0.0,0.0
29,ROI_43,ROI_8,0.0,0.0,0.0,0.0
29,ROI_42,ROI_62,0.0,0.0,0.0,0.0
29,ROI_43,ROI_1,0.0,0.0,0.0,0.0
29,ROI_43,ROI_7,0.0,0.0,0.0,0.0
29,ROI_43,ROI_3,0.0,0.0,0.0,0.0
29,ROI_43,ROI_4,0.0,0.0,0.0,0.0
29,ROI_43,ROI_5,0.0,0.0,0.0,0.0
29,ROI_42,ROI_52,0.0,0.0,0.0,0.0
29,ROI_42,ROI_50,0.0,0.0,0.0,0.0
29,ROI_42,ROI_34,0.0,0.0,0.0,0.0
29,ROI_42,ROI_42,0.0,0.0,0.0,0.0
29,ROI_42,ROI_35,0.0,0.0,0.0,0.0
29,ROI_42,ROI_36,0.0,0.0,0.0,0.0
29,ROI_42,ROI_37,0.0,0.0,0.0,0.0
29,ROI_42,ROI_38,0.0,0.0,0.0,0.0
29,ROI_43,ROI_13,0.0,0.0,0.0,0.0
29,ROI_43,ROI_12,0.0,0.0,0.0,0.0
29,ROI_42,ROI_39,0.0,0.0,0.0,0.0
29,ROI_42,ROI_41,0.0,0.0,0.0,0.0
29,ROI_42,ROI_43,0.0,0.0,0.0,0.0
29,ROI_42,ROI_49,0.0,0.0,0.0,0.0
29,ROI_40,ROI_45,0.0,0.0,0.0,0.0
29,ROI_42,ROI_44,0.0,0.0,0.0,0.0
29,ROI_42,ROI_29,0.0,0.0,0.0,0.0
29,ROI_42,ROI_45,0.0,0.0,0.0,0.0
29,ROI_43,ROI_11,0.0,0.0,0.0,0.0
29,ROI_42,ROI_46,0.0,0.0,0.0,0.0
29,ROI_42,ROI_47,0.0,0.0,0.0,0.0
29,ROI_42,ROI_48,0.0,0.0,0.0,0.0
29,ROI_42,ROI_40,0.0,0.0,0.0,0.0
29,ROI_42,ROI_10,0.0,0.0,0.0,0.0
29,ROI_42,ROI_28,0.0,0.0,0.0,0.0
29,ROI_41,ROI_28,0.0,0.0,0.0,0.0
29,ROI_41,ROI_18,0.0,0.0,0.0,0.0
29,ROI_41,ROI_19,0.0,0.0,0.0,0.0
29,ROI_41,ROI_20,0.0,0.0,0.0,0.0
29,ROI_41,ROI_21,0.0,0.0,0.0,0.0
29,ROI_41,ROI_22,0.0,0.0,0.0,0.0
29,ROI_41,ROI_23,0.0,0.0,0.0,0.0
29,ROI_41,ROI_24,0.0,0.0,0.0,0.0
29,ROI_41,ROI_25,0.0,0.0,0.0,0.0
29,ROI_41,ROI_26,0.0,0.0,0.0,0.0
29,ROI_41,ROI_27,0.0,0.0,0.0,0.0
29,ROI_41,ROI_29,0.0,0.0,0.0,0.0
29,ROI_41,ROI_16,0.0,0.0,0.0,0.0
29,ROI_41,ROI_30,0.0,0.0,0.0,0.0
29,ROI_41,ROI_31,0.0,0.0,0.0,0.0
29,ROI_41,ROI_32,0.0,0.0,0.0,0.0
29,ROI_41,ROI_33,0.0,0.0,0.0,0.0
29,ROI_41,ROI_34,0.0,0.0,0.0,0.0
29,ROI_41,ROI_35,0.0,0.0,0.0,0.0
29,ROI_41,ROI_36,0.0,0.0,0.0,0.0
29,ROI_41,ROI_37,0.0,0.0,0.0,0.0
29,ROI_40,ROI_53,0.0,0.0,0.0,0.0
29,ROI_41,ROI_38,0.0,0.0,0.0,0.0
29,ROI_41,ROI_17,0.0,0.0,0.0,0.0
29,ROI_41,ROI_15,0.0,0.0,0.0,0.0
29,ROI_40,ROI_50,0.0,0.0,0.0,0.0
29,ROI_41,ROI_3,0.0,0.0,0.0,0.0
29,ROI_40,ROI_55,0.0,0.0,0.0,0.0
29,ROI_40,ROI_56,0.0,0.0,0.0,0.0
29,ROI_40,ROI_57,0.0,0.0,0.0,0.0
29,ROI_40,ROI_58,0.0,0.0,0.0,0.0
29,ROI_40,ROI_59,0.0,0.0,0.0,0.0
29,ROI_40,ROI_60,0.0,0.0,0.0,0.0
29,ROI_40,ROI_61,0.0,0.0,0.0,0.0
29,ROI_40,ROI_62,0.0,0.0,0.0,0.0
29,ROI_41,ROI_1,0.0,0.0,0.0,0.0
29,ROI_41,ROI_2,0.0,0.0,0.0,0.0
29,ROI_41,ROI_4,0.0,0.0,0.0,0.0
29,ROI_41,ROI_14,0.0,0.0,0.0,0.0
29,ROI_40,ROI_54,0.0,0.0,0.0,0.0
29,ROI_41,ROI_5,0.0,0.0,0.0,0.0
29,ROI_41,ROI_6,0.0,0.0,0.0,0.0
29,ROI_41,ROI_7,0.0,0.0,0.0,0.0
29,ROI_41,ROI_8,0.0,0.0,0.0,0.0
29,ROI_41,ROI_9,0.0,0.0,0.0,0.0
29,ROI_41,ROI_10,0.0,0.0,0.0,0.0
29,ROI_41,ROI_11,0.0,0.0,0.0,0.0
29,ROI_41,ROI_12,0.0,0.0,0.0,0.0
29,ROI_41,ROI_13,0.0,0.0,0.0,0.0
29,ROI_41,ROI_39,0.0,0.0,0.0,0.0
29,ROI_41,ROI_40,0.0,0.0,0.0,0.0
29,ROI_41,ROI_41,0.0,0.0,0.0,0.0
29,ROI_42,ROI_17,0.0,0.0,0.0,0.0
29,ROI_42,ROI_6,0.0,0.0,0.0,0.0
29,ROI_42,ROI_7,0.0,0.0,0.0,0.0
29,ROI_42,ROI_8,0.0,0.0,0.0,0.0
29,ROI_42,ROI_9,0.0,0.0,0.0,0.0
29,ROI_42,ROI_11,0.0,0.0,0.0,0.0
29,ROI_42,ROI_12,0.0,0.0,0.0,0.0
29,ROI_42,ROI_13,0.0,0.0,0.0,0.0
29,ROI_42,ROI_14,0.0,0.0,0.0,0.0
29,ROI_42,ROI_15,0.0,0.0,0.0,0.0
29,ROI_42,ROI_16,0.0,0.0,0.0,0.0
29,ROI_42,ROI_18,0.0,0.0,0.0,0.0
29,ROI_41,ROI_42,0.0,0.0,0.0,0.0
29,ROI_42,ROI_19,0.0,0.0,0.0,0.0
29,ROI_40,ROI_51,0.0,0.0,0.0,0.0
29,ROI_42,ROI_20,0.0,0.0,0.0,0.0
29,ROI_42,ROI_21,0.0,0.0,0.0,0.0
29,ROI_42,ROI_22,0.0,0.0,0.0,0.0
29,ROI_42,ROI_23,0.0,0.0,0.0,0.0
29,ROI_42,ROI_24,0.0,0.0,0.0,0.0
29,ROI_42,ROI_25,0.0,0.0,0.0,0.0
29,ROI_42,ROI_26,0.0,0.0,0.0,0.0
29,ROI_42,ROI_27,0.0,0.0,0.0,0.0
29,ROI_42,ROI_5,0.0,0.0,0.0,0.0
29,ROI_42,ROI_4,0.0,0.0,0.0,0.0
29,ROI_42,ROI_3,0.0,0.0,0.0,0.0
29,ROI_42,ROI_1,0.0,0.0,0.0,0.0
29,ROI_41,ROI_43,0.0,0.0,0.0,0.0
29,ROI_41,ROI_44,0.0,0.0,0.0,0.0
29,ROI_41,ROI_45,0.0,0.0,0.0,0.0
29,ROI_41,ROI_46,0.0,0.0,0.0,0.0
29,ROI_41,ROI_47,0.0,0.0,0.0,0.0
29,ROI_41,ROI_48,0.0,0.0,0.0,0.0
29,ROI_41,ROI_49,0.0,0.0,0.0,0.0
29,ROI_41,ROI_50,0.0,0.0,0.0,0.0
29,ROI_41,ROI_51,0.0,0.0,0.0,0.0
29,ROI_41,ROI_52,0.0,0.0,0.0,0.0
29,ROI_41,ROI_53,0.0,0.0,0.0,0.0
29,ROI_41,ROI_54,0.0,0.0,0.0,0.0
29,ROI_41,ROI_55,0.0,0.0,0.0,0.0
29,ROI_41,ROI_56,0.0,0.0,0.0,0.0
29,ROI_40,ROI_52,0.0,0.0,0.0,0.0
29,ROI_41,ROI_57,0.0,0.0,0.0,0.0
29,ROI_41,ROI_58,0.0,0.0,0.0,0.0
29,ROI_41,ROI_59,0.0,0.0,0.0,0.0
29,ROI_41,ROI_60,0.0,0.0,0.0,0.0
29,ROI_41,ROI_61,0.0,0.0,0.0,0.0
29,ROI_41,ROI_62,0.0,0.0,0.0,0.0
29,ROI_43,ROI_17,0.0,0.0,0.0,0.0
29,ROI_43,ROI_56,0.0,0.0,0.0,0.0
29,ROI_43,ROI_18,0.0,0.0,0.0,0.0
29,ROI_46,ROI_5,0.0,0.0,0.0,0.0
29,ROI_45,ROI_54,0.0,0.0,0.0,0.0
29,ROI_45,ROI_55,0.0,0.0,0.0,0.0
29,ROI_45,ROI_56,0.0,0.0,0.0,0.0
29,ROI_45,ROI_57,0.0,0.0,0.0,0.0
29,ROI_45,ROI_58,0.0,0.0,0.0,0.0
29,ROI_45,ROI_60,0.0,0.0,0.0,0.0
29,ROI_45,ROI_61,0.0,0.0,0.0,0.0
29,ROI_45,ROI_62,0.0,0.0,0.0,0.0
29,ROI_46,ROI_1,0.0,0.0,0.0,0.0
29,ROI_46,ROI_2,0.0,0.0,0.0,0.0
29,ROI_46,ROI_3,0.0,0.0,0.0,0.0
29,ROI_46,ROI_4,0.0,0.0,0.0,0.0
29,ROI_46,ROI_6,0.0,0.0,0.0,0.0
29,ROI_45,ROI_51,0.0,0.0,0.0,0.0
29,ROI_46,ROI_7,0.0,0.0,0.0,0.0
29,ROI_46,ROI_8,0.0,0.0,0.0,0.0
29,ROI_46,ROI_9,0.0,0.0,0.0,0.0
29,ROI_46,ROI_10,0.0,0.0,0.0,0.0
29,ROI_46,ROI_11,0.0,0.0,0.0,0.0
29,ROI_46,ROI_12,0.0,0.0,0.0,0.0
29,ROI_46,ROI_13,0.0,0.0,0.0,0.0
29,ROI_46,ROI_14,0.0,0.0,0.0,0.0
29,ROI_46,ROI_15,0.0,0.0,0.0,0.0
29,ROI_46,ROI_16,0.0,0.0,0.0,0.0
29,ROI_46,ROI_17,0.0,0.0,0.0,0.0
29,ROI_46,ROI_18,0.0,0.0,0.0,0.0
29,ROI_45,ROI_53,0.0,0.0,0.0,0.0
29,ROI_45,ROI_50,0.0,0.0,0.0,0.0
29,ROI_43,ROI_19,0.0,0.0,0.0,0.0
29,ROI_45,ROI_34,0.0,0.0,0.0,0.0
29,ROI_45,ROI_20,0.0,0.0,0.0,0.0
29,ROI_45,ROI_21,0.0,0.0,0.0,0.0
29,ROI_45,ROI_22,0.0,0.0,0.0,0.0
29,ROI_45,ROI_23,0.0,0.0,0.0,0.0
29,ROI_45,ROI_24,0.0,0.0,0.0,0.0
29,ROI_45,ROI_27,0.0,0.0,0.0,0.0
29,ROI_45,ROI_28,0.0,0.0,0.0,0.0
29,ROI_45,ROI_29,0.0,0.0,0.0,0.0
29,ROI_45,ROI_30,0.0,0.0,0.0,0.0
29,ROI_45,ROI_31,0.0,0.0,0.0,0.0
29,ROI_45,ROI_32,0.0,0.0,0.0,0.0
29,ROI_45,ROI_33,0.0,0.0,0.0,0.0
29,ROI_45,ROI_35,0.0,0.0,0.0,0.0
29,ROI_45,ROI_49,0.0,0.0,0.0,0.0
29,ROI_45,ROI_36,0.0,0.0,0.0,0.0
29,ROI_45,ROI_37,0.0,0.0,0.0,0.0
29,ROI_45,ROI_38,0.0,0.0,0.0,0.0
29,ROI_45,ROI_40,0.0,0.0,0.0,0.0
29,ROI_45,ROI_41,0.0,0.0,0.0,0.0
29,ROI_45,ROI_42,0.0,0.0,0.0,0.0
29,ROI_45,ROI_43,0.0,0.0,0.0,0.0
29,ROI_45,ROI_44,0.0,0.0,0.0,0.0
29,ROI_45,ROI_45,0.0,0.0,0.0,0.0
29,ROI_45,ROI_46,0.0,0.0,0.0,0.0
29,ROI_45,ROI_47,0.0,0.0,0.0,0.0
29,ROI_45,ROI_48,0.0,0.0,0.0,0.0
29,ROI_46,ROI_19,0.0,0.0,0.0,0.0
29,ROI_46,ROI_20,0.0,0.0,0.0,0.0
29,ROI_46,ROI_21,0.0,0.0,0.0,0.0
29,ROI_47,ROI_3,0.0,0.0,0.0,0.0
29,ROI_46,ROI_52,0.0,0.0,0.0,0.0
29,ROI_46,ROI_53,0.0,0.0,0.0,0.0
29,ROI_46,ROI_54,0.0,0.0,0.0,0.0
29,ROI_46,ROI_56,0.0,0.0,0.0,0.0
29,ROI_46,ROI_57,0.0,0.0,0.0,0.0
29,ROI_46,ROI_58,0.0,0.0,0.0,0.0
29,ROI_46,ROI_59,0.0,0.0,0.0,0.0
29,ROI_46,ROI_60,0.0,0.0,0.0,0.0
29,ROI_46,ROI_61,0.0,0.0,0.0,0.0
29,ROI_46,ROI_62,0.0,0.0,0.0,0.0
29,ROI_47,ROI_1,0.0,0.0,0.0,0.0
29,ROI_47,ROI_2,0.0,0.0,0.0,0.0
29,ROI_47,ROI_4,0.0,0.0,0.0,0.0
29,ROI_46,ROI_22,0.0,0.0,0.0,0.0
29,ROI_47,ROI_5,0.0,0.0,0.0,0.0
29,ROI_47,ROI_6,0.0,0.0,0.0,0.0
29,ROI_47,ROI_7,0.0,0.0,0.0,0.0
29,ROI_47,ROI_8,0.0,0.0,0.0,0.0
29,ROI_47,ROI_9,0.0,0.0,0.0,0.0
29,ROI_47,ROI_10,0.0,0.0,0.0,0.0
29,ROI_47,ROI_11,0.0,0.0,0.0,0.0
29,ROI_47,ROI_12,0.0,0.0,0.0,0.0
29,ROI_47,ROI_13,0.0,0.0,0.0,0.0
29,ROI_47,ROI_14,0.0,0.0,0.0,0.0
29,ROI_47,ROI_15,0.0,0.0,0.0,0.0
29,ROI_47,ROI_16,0.0,0.0,0.0,0.0
29,ROI_46,ROI_51,0.0,0.0,0.0,0.0
29,ROI_46,ROI_50,0.0,0.0,0.0,0.0
29,ROI_46,ROI_49,0.0,0.0,0.0,0.0
29,ROI_46,ROI_48,0.0,0.0,0.0,0.0
29,ROI_46,ROI_23,0.0,0.0,0.0,0.0
29,ROI_46,ROI_24,0.0,0.0,0.0,0.0
29,ROI_46,ROI_25,0.0,0.0,0.0,0.0
29,ROI_46,ROI_26,0.0,0.0,0.0,0.0
29,ROI_46,ROI_27,0.0,0.0,0.0,0.0
29,ROI_46,ROI_28,0.0,0.0,0.0,0.0
29,ROI_46,ROI_29,0.0,0.0,0.0,0.0
29,ROI_46,ROI_30,0.0,0.0,0.0,0.0
29,ROI_46,ROI_31,0.0,0.0,0.0,0.0
29,ROI_46,ROI_32,0.0,0.0,0.0,0.0
29,ROI_46,ROI_33,0.0,0.0,0.0,0.0
29,ROI_46,ROI_34,0.0,0.0,0.0,0.0
29,ROI_46,ROI_35,0.0,0.0,0.0,0.0
29,ROI_46,ROI_36,0.0,0.0,0.0,0.0
29,ROI_46,ROI_37,0.0,0.0,0.0,0.0
29,ROI_46,ROI_38,0.0,0.0,0.0,0.0
29,ROI_46,ROI_39,0.0,0.0,0.0,0.0
29,ROI_46,ROI_40,0.0,0.0,0.0,0.0
29,ROI_46,ROI_41,0.0,0.0,0.0,0.0
29,ROI_46,ROI_42,0.0,0.0,0.0,0.0
29,ROI_46,ROI_43,0.0,0.0,0.0,0.0
29,ROI_46,ROI_44,0.0,0.0,0.0,0.0
29,ROI_46,ROI_45,0.0,0.0,0.0,0.0
29,ROI_46,ROI_46,0.0,0.0,0.0,0.0
29,ROI_46,ROI_47,0.0,0.0,0.0,0.0
29,ROI_45,ROI_19,0.0,0.0,0.0,0.0
29,ROI_45,ROI_18,0.0,0.0,0.0,0.0
29,ROI_45,ROI_17,0.0,0.0,0.0,0.0
29,ROI_44,ROI_1,0.0,0.0,0.0,0.0
29,ROI_43,ROI_51,0.0,0.0,0.0,0.0
29,ROI_43,ROI_52,0.0,0.0,0.0,0.0
29,ROI_43,ROI_53,0.0,0.0,0.0,0.0
29,ROI_43,ROI_54,0.0,0.0,0.0,0.0
29,ROI_43,ROI_55,0.0,0.0,0.0,0.0
29,ROI_40,ROI_42,0.0,0.0,0.0,0.0
29,ROI_43,ROI_57,0.0,0.0,0.0,0.0
29,ROI_43,ROI_58,0.0,0.0,0.0,0.0
29,ROI_43,ROI_59,0.0,0.0,0.0,0.0
29,ROI_43,ROI_60,0.0,0.0,0.0,0.0
29,ROI_43,ROI_61,0.0,0.0,0.0,0.0
29,ROI_43,ROI_62,0.0,0.0,0.0,0.0
29,ROI_44,ROI_2,0.0,0.0,0.0,0.0
29,ROI_44,ROI_16,0.0,0.0,0.0,0.0
29,ROI_44,ROI_3,0.0,0.0,0.0,0.0
29,ROI_44,ROI_4,0.0,0.0,0.0,0.0
29,ROI_44,ROI_5,0.0,0.0,0.0,0.0
29,ROI_44,ROI_6,0.0,0.0,0.0,0.0
29,ROI_44,ROI_7,0.0,0.0,0.0,0.0
29,ROI_44,ROI_8,0.0,0.0,0.0,0.0
29,ROI_44,ROI_9,0.0,0.0,0.0,0.0
29,ROI_44,ROI_10,0.0,0.0,0.0,0.0
29,ROI_44,ROI_11,0.0,0.0,0.0,0.0
29,ROI_44,ROI_12,0.0,0.0,0.0,0.0
29,ROI_44,ROI_13,0.0,0.0,0.0,0.0
29,ROI_44,ROI_14,0.0,0.0,0.0,0.0
29,ROI_43,ROI_50,0.0,0.0,0.0,0.0
29,ROI_43,ROI_49,0.0,0.0,0.0,0.0
29,ROI_43,ROI_47,0.0,0.0,0.0,0.0
29,ROI_43,ROI_46,0.0,0.0,0.0,0.0
29,ROI_43,ROI_21,0.0,0.0,0.0,0.0
29,ROI_43,ROI_22,0.0,0.0,0.0,0.0
29,ROI_43,ROI_23,0.0,0.0,0.0,0.0
29,ROI_43,ROI_24,0.0,0.0,0.0,0.0
29,ROI_43,ROI_25,0.0,0.0,0.0,0.0
29,ROI_43,ROI_26,0.0,0.0,0.0,0.0
29,ROI_43,ROI_27,0.0,0.0,0.0,0.0
29,ROI_43,ROI_28,0.0,0.0,0.0,0.0
29,ROI_43,ROI_29,0.0,0.0,0.0,0.0
29,ROI_43,ROI_30,0.0,0.0,0.0,0.0
29,ROI_43,ROI_31,0.0,0.0,0.0,0.0
29,ROI_43,ROI_32,0.0,0.0,0.0,0.0
29,ROI_43,ROI_33,0.0,0.0,0.0,0.0
29,ROI_43,ROI_34,0.0,0.0,0.0,0.0
29,ROI_43,ROI_35,0.0,0.0,0.0,0.0
29,ROI_43,ROI_36,0.0,0.0,0.0,0.0
29,ROI_43,ROI_37,0.0,0.0,0.0,0.0
29,ROI_43,ROI_38,0.0,0.0,0.0,0.0
29,ROI_43,ROI_39,0.0,0.0,0.0,0.0
29,ROI_43,ROI_40,0.0,0.0,0.0,0.0
29,ROI_43,ROI_41,0.0,0.0,0.0,0.0
29,ROI_43,ROI_42,0.0,0.0,0.0,0.0
29,ROI_43,ROI_43,0.0,0.0,0.0,0.0
29,ROI_43,ROI_44,0.0,0.0,0.0,0.0
29,ROI_43,ROI_45,0.0,0.0,0.0,0.0
29,ROI_44,ROI_15,0.0,0.0,0.0,0.0
29,ROI_44,ROI_17,0.0,0.0,0.0,0.0
29,ROI_45,ROI_16,0.0,0.0,0.0,0.0
29,ROI_45,ROI_2,0.0,0.0,0.0,0.0
29,ROI_44,ROI_51,0.0,0.0,0.0,0.0
29,ROI_44,ROI_52,0.0,0.0,0.0,0.0
29,ROI_44,ROI_53,0.0,0.0,0.0,0.0
29,ROI_44,ROI_54,0.0,0.0,0.0,0.0
29,ROI_44,ROI_55,0.0,0.0,0.0,0.0
29,ROI_44,ROI_57,0.0,0.0,0.0,0.0
29,ROI_44,ROI_58,0.0,0.0,0.0,0.0
29,ROI_44,ROI_59,0.0,0.0,0.0,0.0
29,ROI_44,ROI_60,0.0,0.0,0.0,0.0
29,ROI_44,ROI_61,0.0,0.0,0.0,0.0
29,ROI_44,ROI_62,0.0,0.0,0.0,0.0
29,ROI_45,ROI_1,0.0,0.0,0.0,0.0
29,ROI_45,ROI_3,0.0,0.0,0.0,0.0
29,ROI_44,ROI_18,0.0,0.0,0.0,0.0
29,ROI_45,ROI_4,0.0,0.0,0.0,0.0
29,ROI_45,ROI_5,0.0,0.0,0.0,0.0
29,ROI_45,ROI_6,0.0,0.0,0.0,0.0
29,ROI_45,ROI_7,0.0,0.0,0.0,0.0
29,ROI_45,ROI_8,0.0,0.0,0.0,0.0
29,ROI_45,ROI_9,0.0,0.0,0.0,0.0
29,ROI_45,ROI_10,0.0,0.0,0.0,0.0
29,ROI_45,ROI_11,0.0,0.0,0.0,0.0
29,ROI_45,ROI_12,0.0,0.0,0.0,0.0
29,ROI_45,ROI_13,0.0,0.0,0.0,0.0
29,ROI_45,ROI_14,0.0,0.0,0.0,0.0
29,ROI_45,ROI_15,0.0,0.0,0.0,0.0
29,ROI_44,ROI_48,0.0,0.0,0.0,0.0
29,ROI_44,ROI_47,0.0,0.0,0.0,0.0
29,ROI_44,ROI_46,0.0,0.0,0.0,0.0
29,ROI_44,ROI_45,0.0,0.0,0.0,0.0
29,ROI_44,ROI_19,0.0,0.0,0.0,0.0
29,ROI_44,ROI_20,0.0,0.0,0.0,0.0
29,ROI_44,ROI_21,0.0,0.0,0.0,0.0
29,ROI_44,ROI_22,0.0,0.0,0.0,0.0
29,ROI_44,ROI_23,0.0,0.0,0.0,0.0
29,ROI_44,ROI_25,0.0,0.0,0.0,0.0
29,ROI_44,ROI_26,0.0,0.0,0.0,0.0
29,ROI_44,ROI_27,0.0,0.0,0.0,0.0
29,ROI_44,ROI_28,0.0,0.0,0.0,0.0
29,ROI_44,ROI_29,0.0,0.0,0.0,0.0
29,ROI_44,ROI_30,0.0,0.0,0.0,0.0
29,ROI_44,ROI_31,0.0,0.0,0.0,0.0
29,ROI_44,ROI_32,0.0,0.0,0.0,0.0
29,ROI_44,ROI_33,0.0,0.0,0.0,0.0
29,ROI_44,ROI_34,0.0,0.0,0.0,0.0
29,ROI_44,ROI_35,0.0,0.0,0.0,0.0
29,ROI_44,ROI_36,0.0,0.0,0.0,0.0
29,ROI_44,ROI_37,0.0,0.0,0.0,0.0
29,ROI_44,ROI_38,0.0,0.0,0.0,0.0
29,ROI_44,ROI_39,0.0,0.0,0.0,0.0
29,ROI_44,ROI_40,0.0,0.0,0.0,0.0
29,ROI_44,ROI_41,0.0,0.0,0.0,0.0
29,ROI_44,ROI_42,0.0,0.0,0.0,0.0
29,ROI_44,ROI_43,0.0,0.0,0.0,0.0
29,ROI_44,ROI_44,0.0,0.0,0.0,0.0
29,ROI_40,ROI_43,0.0,0.0,0.0,0.0
29,ROI_1,ROI_1,0.0,0.0,0.0,0.0
29,ROI_40,ROI_41,0.0,0.0,0.0,0.0
29,ROI_35,ROI_30,0.0,0.0,0.0,0.0
29,ROI_35,ROI_18,0.0,0.0,0.0,0.0
29,ROI_35,ROI_19,0.0,0.0,0.0,0.0
29,ROI_35,ROI_20,0.0,0.0,0.0,0.0
29,ROI_35,ROI_21,0.0,0.0,0.0,0.0
29,ROI_35,ROI_22,0.0,0.0,0.0,0.0
29,ROI_35,ROI_23,0.0,0.0,0.0,0.0
29,ROI_35,ROI_24,0.0,0.0,0.0,0.0
29,ROI_35,ROI_25,0.0,0.0,0.0,0.0
29,ROI_35,ROI_26,0.0,0.0,0.0,0.0
29,ROI_35,ROI_27,0.0,0.0,0.0,0.0
29,ROI_35,ROI_28,0.0,0.0,0.0,0.0
29,ROI_35,ROI_29,0.0,0.0,0.0,0.0
29,ROI_35,ROI_31,0.0,0.0,0.0,0.0
29,ROI_40,ROI_40,0.0,0.0,0.0,0.0
29,ROI_35,ROI_32,0.0,0.0,0.0,0.0
29,ROI_35,ROI_33,0.0,0.0,0.0,0.0
29,ROI_35,ROI_34,0.0,0.0,0.0,0.0
29,ROI_35,ROI_35,0.0,0.0,0.0,0.0
29,ROI_35,ROI_36,0.0,0.0,0.0,0.0
29,ROI_35,ROI_37,0.0,0.0,0.0,0.0
29,ROI_35,ROI_38,0.0,0.0,0.0,0.0
29,ROI_35,ROI_39,0.0,0.0,0.0,0.0
29,ROI_35,ROI_40,0.0,0.0,0.0,0.0
29,ROI_35,ROI_41,0.0,0.0,0.0,0.0
29,ROI_35,ROI_42,0.0,0.0,0.0,0.0
29,ROI_35,ROI_43,0.0,0.0,0.0,0.0
29,ROI_35,ROI_17,0.0,0.0,0.0,0.0
29,ROI_35,ROI_16,0.0,0.0,0.0,0.0
29,ROI_35,ROI_15,0.0,0.0,0.0,0.0
29,ROI_35,ROI_14,0.0,0.0,0.0,0.0
29,ROI_34,ROI_50,0.0,0.0,0.0,0.0
29,ROI_34,ROI_51,0.0,0.0,0.0,0.0
29,ROI_34,ROI_52,0.0,0.0,0.0,0.0
29,ROI_34,ROI_53,0.0,0.0,0.0,0.0
29,ROI_34,ROI_54,0.0,0.0,0.0,0.0
29,ROI_34,ROI_55,0.0,0.0,0.0,0.0
29,ROI_34,ROI_56,0.0,0.0,0.0,0.0
29,ROI_34,ROI_57,0.0,0.0,0.0,0.0
29,ROI_34,ROI_58,0.0,0.0,0.0,0.0
29,ROI_34,ROI_59,0.0,0.0,0.0,0.0
29,ROI_34,ROI_60,0.0,0.0,0.0,0.0
29,ROI_34,ROI_62,0.0,0.0,0.0,0.0
29,ROI_35,ROI_1,0.0,0.0,0.0,0.0
29,ROI_35,ROI_2,0.0,0.0,0.0,0.0
29,ROI_35,ROI_3,0.0,0.0,0.0,0.0
29,ROI_35,ROI_4,0.0,0.0,0.0,0.0
29,ROI_35,ROI_5,0.0,0.0,0.0,0.0
29,ROI_35,ROI_6,0.0,0.0,0.0,0.0
29,ROI_35,ROI_7,0.0,0.0,0.0,0.0
29,ROI_35,ROI_8,0.0,0.0,0.0,0.0
29,ROI_35,ROI_9,0.0,0.0,0.0,0.0
29,ROI_35,ROI_10,0.0,0.0,0.0,0.0
29,ROI_35,ROI_11,0.0,0.0,0.0,0.0
29,ROI_35,ROI_12,0.0,0.0,0.0,0.0
29,ROI_35,ROI_13,0.0,0.0,0.0,0.0
29,ROI_35,ROI_44,0.0,0.0,0.0,0.0
29,ROI_35,ROI_45,0.0,0.0,0.0,0.0
29,ROI_35,ROI_46,0.0,0.0,0.0,0.0
29,ROI_36,ROI_15,0.0,0.0,0.0,0.0
29,ROI_36,ROI_17,0.0,0.0,0.0,0.0
29,ROI_36,ROI_18,0.0,0.0,0.0,0.0
29,ROI_36,ROI_19,0.0,0.0,0.0,0.0
29,ROI_36,ROI_20,0.0,0.0,0.0,0.0
29,ROI_36,ROI_21,0.0,0.0,0.0,0.0
29,ROI_36,ROI_22,0.0,0.0,0.0,0.0
29,ROI_36,ROI_23,0.0,0.0,0.0,0.0
29,ROI_36,ROI_24,0.0,0.0,0.0,0.0
29,ROI_36,ROI_25,0.0,0.0,0.0,0.0
29,ROI_36,ROI_26,0.0,0.0,0.0,0.0
29,ROI_36,ROI_27,0.0,0.0,0.0,0.0
29,ROI_36,ROI_28,0.0,0.0,0.0,0.0
29,ROI_36,ROI_29,0.0,0.0,0.0,0.0
29,ROI_36,ROI_30,0.0,0.0,0.0,0.0
29,ROI_36,ROI_32,0.0,0.0,0.0,0.0
29,ROI_36,ROI_33,0.0,0.0,0.0,0.0
29,ROI_36,ROI_34,0.0,0.0,0.0,0.0
29,ROI_36,ROI_35,0.0,0.0,0.0,0.0
29,ROI_36,ROI_36,0.0,0.0,0.0,0.0
29,ROI_36,ROI_37,0.0,0.0,0.0,0.0
29,ROI_36,ROI_38,0.0,0.0,0.0,0.0
29,ROI_36,ROI_39,0.0,0.0,0.0,0.0
29,ROI_36,ROI_40,0.0,0.0,0.0,0.0
29,ROI_36,ROI_41,0.0,0.0,0.0,0.0
29,ROI_36,ROI_42,0.0,0.0,0.0,0.0
29,ROI_36,ROI_16,0.0,0.0,0.0,0.0
29,ROI_36,ROI_14,0.0,0.0,0.0,0.0
29,ROI_35,ROI_47,0.0,0.0,0.0,0.0
29,ROI_36,ROI_13,0.0,0.0,0.0,0.0
29,ROI_35,ROI_48,0.0,0.0,0.0,0.0
29,ROI_35,ROI_49,0.0,0.0,0.0,0.0
29,ROI_35,ROI_50,0.0,0.0,0.0,0.0
29,ROI_35,ROI_51,0.0,0.0,0.0,0.0
29,ROI_35,ROI_52,0.0,0.0,0.0,0.0
29,ROI_35,ROI_53,0.0,0.0,0.0,0.0
29,ROI_35,ROI_54,0.0,0.0,0.0,0.0
29,ROI_35,ROI_55,0.0,0.0,0.0,0.0
29,ROI_35,ROI_56,0.0,0.0,0.0,0.0
29,ROI_35,ROI_57,0.0,0.0,0.0,0.0
29,ROI_35,ROI_58,0.0,0.0,0.0,0.0
29,ROI_35,ROI_59,0.0,0.0,0.0,0.0
29,ROI_35,ROI_60,0.0,0.0,0.0,0.0
29,ROI_35,ROI_61,0.0,0.0,0.0,0.0
29,ROI_35,ROI_62,0.0,0.0,0.0,0.0
29,ROI_36,ROI_1,0.0,0.0,0.0,0.0
29,ROI_36,ROI_2,0.0,0.0,0.0,0.0
29,ROI_36,ROI_3,0.0,0.0,0.0,0.0
29,ROI_36,ROI_4,0.0,0.0,0.0,0.0
29,ROI_36,ROI_5,0.0,0.0,0.0,0.0
29,ROI_36,ROI_6,0.0,0.0,0.0,0.0
29,ROI_36,ROI_8,0.0,0.0,0.0,0.0
29,ROI_36,ROI_9,0.0,0.0,0.0,0.0
29,ROI_36,ROI_11,0.0,0.0,0.0,0.0
29,ROI_36,ROI_12,0.0,0.0,0.0,0.0
29,ROI_34,ROI_49,0.0,0.0,0.0,0.0
29,ROI_34,ROI_48,0.0,0.0,0.0,0.0
29,ROI_34,ROI_47,0.0,0.0,0.0,0.0
29,ROI_33,ROI_21,0.0,0.0,0.0,0.0
29,ROI_33,ROI_23,0.0,0.0,0.0,0.0
29,ROI_33,ROI_24,0.0,0.0,0.0,0.0
29,ROI_33,ROI_25,0.0,0.0,0.0,0.0
29,ROI_33,ROI_26,0.0,0.0,0.0,0.0
29,ROI_33,ROI_27,0.0,0.0,0.0,0.0
29,ROI_33,ROI_28,0.0,0.0,0.0,0.0
29,ROI_33,ROI_29,0.0,0.0,0.0,0.0
29,ROI_33,ROI_30,0.0,0.0,0.0,0.0
29,ROI_33,ROI_31,0.0,0.0,0.0,0.0
29,ROI_33,ROI_32,0.0,0.0,0.0,0.0
29,ROI_33,ROI_33,0.0,0.0,0.0,0.0
29,ROI_33,ROI_34,0.0,0.0,0.0,0.0
29,ROI_33,ROI_36,0.0,0.0,0.0,0.0
29,ROI_33,ROI_37,0.0,0.0,0.0,0.0
29,ROI_33,ROI_38,0.0,0.0,0.0,0.0
29,ROI_33,ROI_39,0.0,0.0,0.0,0.0
29,ROI_33,ROI_40,0.0,0.0,0.0,0.0
29,ROI_33,ROI_41,0.0,0.0,0.0,0.0
29,ROI_33,ROI_42,0.0,0.0,0.0,0.0
29,ROI_33,ROI_43,0.0,0.0,0.0,0.0
29,ROI_33,ROI_44,0.0,0.0,0.0,0.0
29,ROI_33,ROI_45,0.0,0.0,0.0,0.0
29,ROI_33,ROI_46,0.0,0.0,0.0,0.0
29,ROI_33,ROI_47,0.0,0.0,0.0,0.0
29,ROI_33,ROI_48,0.0,0.0,0.0,0.0
29,ROI_33,ROI_22,0.0,0.0,0.0,0.0
29,ROI_33,ROI_20,0.0,0.0,0.0,0.0
29,ROI_33,ROI_50,0.0,0.0,0.0,0.0
29,ROI_33,ROI_19,0.0,0.0,0.0,0.0
29,ROI_32,ROI_55,0.0,0.0,0.0,0.0
29,ROI_32,ROI_56,0.0,0.0,0.0,0.0
29,ROI_32,ROI_57,0.0,0.0,0.0,0.0
29,ROI_32,ROI_59,0.0,0.0,0.0,0.0
29,ROI_32,ROI_60,0.0,0.0,0.0,0.0
29,ROI_32,ROI_61,0.0,0.0,0.0,0.0
29,ROI_32,ROI_62,0.0,0.0,0.0,0.0
29,ROI_33,ROI_1,0.0,0.0,0.0,0.0
29,ROI_33,ROI_2,0.0,0.0,0.0,0.0
29,ROI_33,ROI_3,0.0,0.0,0.0,0.0
29,ROI_33,ROI_4,0.0,0.0,0.0,0.0
29,ROI_33,ROI_5,0.0,0.0,0.0,0.0
29,ROI_33,ROI_6,0.0,0.0,0.0,0.0
29,ROI_33,ROI_7,0.0,0.0,0.0,0.0
29,ROI_33,ROI_8,0.0,0.0,0.0,0.0
29,ROI_33,ROI_9,0.0,0.0,0.0,0.0
29,ROI_33,ROI_10,0.0,0.0,0.0,0.0
29,ROI_33,ROI_11,0.0,0.0,0.0,0.0
29,ROI_33,ROI_12,0.0,0.0,0.0,0.0
29,ROI_33,ROI_13,0.0,0.0,0.0,0.0
29,ROI_33,ROI_14,0.0,0.0,0.0,0.0
29,ROI_33,ROI_15,0.0,0.0,0.0,0.0
29,ROI_33,ROI_16,0.0,0.0,0.0,0.0
29,ROI_33,ROI_17,0.0,0.0,0.0,0.0
29,ROI_33,ROI_18,0.0,0.0,0.0,0.0
29,ROI_33,ROI_49,0.0,0.0,0.0,0.0
29,ROI_33,ROI_51,0.0,0.0,0.0,0.0
29,ROI_34,ROI_46,0.0,0.0,0.0,0.0
29,ROI_34,ROI_18,0.0,0.0,0.0,0.0
29,ROI_34,ROI_20,0.0,0.0,0.0,0.0
29,ROI_34,ROI_21,0.0,0.0,0.0,0.0
29,ROI_34,ROI_22,0.0,0.0,0.0,0.0
29,ROI_34,ROI_23,0.0,0.0,0.0,0.0
29,ROI_34,ROI_24,0.0,0.0,0.0,0.0
29,ROI_34,ROI_25,0.0,0.0,0.0,0.0
29,ROI_34,ROI_26,0.0,0.0,0.0,0.0
29,ROI_34,ROI_27,0.0,0.0,0.0,0.0
29,ROI_34,ROI_28,0.0,0.0,0.0,0.0
29,ROI_34,ROI_29,0.0,0.0,0.0,0.0
29,ROI_34,ROI_30,0.0,0.0,0.0,0.0
29,ROI_34,ROI_31,0.0,0.0,0.0,0.0
29,ROI_34,ROI_32,0.0,0.0,0.0,0.0
29,ROI_34,ROI_33,0.0,0.0,0.0,0.0
29,ROI_34,ROI_34,0.0,0.0,0.0,0.0
29,ROI_34,ROI_35,0.0,0.0,0.0,0.0
29,ROI_34,ROI_36,0.0,0.0,0.0,0.0
29,ROI_34,ROI_37,0.0,0.0,0.0,0.0
29,ROI_34,ROI_38,0.0,0.0,0.0,0.0
29,ROI_34,ROI_39,0.0,0.0,0.0,0.0
29,ROI_34,ROI_40,0.0,0.0,0.0,0.0
29,ROI_34,ROI_41,0.0,0.0,0.0,0.0
29,ROI_34,ROI_42,0.0,0.0,0.0,0.0
29,ROI_34,ROI_43,0.0,0.0,0.0,0.0
29,ROI_34,ROI_45,0.0,0.0,0.0,0.0
29,ROI_34,ROI_19,0.0,0.0,0.0,0.0
29,ROI_34,ROI_17,0.0,0.0,0.0,0.0
29,ROI_33,ROI_52,0.0,0.0,0.0,0.0
29,ROI_34,ROI_16,0.0,0.0,0.0,0.0
29,ROI_33,ROI_53,0.0,0.0,0.0,0.0
29,ROI_33,ROI_54,0.0,0.0,0.0,0.0
29,ROI_33,ROI_55,0.0,0.0,0.0,0.0
29,ROI_33,ROI_56,0.0,0.0,0.0,0.0
29,ROI_33,ROI_57,0.0,0.0,0.0,0.0
29,ROI_33,ROI_58,0.0,0.0,0.0,0.0
29,ROI_33,ROI_59,0.0,0.0,0.0,0.0
29,ROI_33,ROI_60,0.0,0.0,0.0,0.0
29,ROI_33,ROI_61,0.0,0.0,0.0,0.0
29,ROI_33,ROI_62,0.0,0.0,0.0,0.0
29,ROI_34,ROI_1,0.0,0.0,0.0,0.0
29,ROI_34,ROI_2,0.0,0.0,0.0,0.0
29,ROI_34,ROI_3,0.0,0.0,0.0,0.0
29,ROI_34,ROI_4,0.0,0.0,0.0,0.0
29,ROI_34,ROI_5,0.0,0.0,0.0,0.0
29,ROI_34,ROI_6,0.0,0.0,0.0,0.0
29,ROI_34,ROI_7,0.0,0.0,0.0,0.0
29,ROI_34,ROI_8,0.0,0.0,0.0,0.0
29,ROI_34,ROI_9,0.0,0.0,0.0,0.0
29,ROI_34,ROI_10,0.0,0.0,0.0,0.0
29,ROI_34,ROI_11,0.0,0.0,0.0,0.0
29,ROI_34,ROI_12,0.0,0.0,0.0,0.0
29,ROI_34,ROI_13,0.0,0.0,0.0,0.0
29,ROI_34,ROI_14,0.0,0.0,0.0,0.0
29,ROI_34,ROI_15,0.0,0.0,0.0,0.0
29,ROI_36,ROI_43,0.0,0.0,0.0,0.0
29,ROI_36,ROI_44,0.0,0.0,0.0,0.0
29,ROI_36,ROI_45,0.0,0.0,0.0,0.0
29,ROI_39,ROI_11,0.0,0.0,0.0,0.0
29,ROI_39,ROI_14,0.0,0.0,0.0,0.0
29,ROI_39,ROI_15,0.0,0.0,0.0,0.0
29,ROI_39,ROI_16,0.0,0.0,0.0,0.0
29,ROI_39,ROI_17,0.0,0.0,0.0,0.0
29,ROI_39,ROI_18,0.0,0.0,0.0,0.0
29,ROI_39,ROI_19,0.0,0.0,0.0,0.0
29,ROI_39,ROI_20,0.0,0.0,0.0,0.0
29,ROI_39,ROI_21,0.0,0.0,0.0,0.0
29,ROI_39,ROI_22,0.0,0.0,0.0,0.0
29,ROI_39,ROI_23,0.0,0.0,0.0,0.0
29,ROI_39,ROI_24,0.0,0.0,0.0,0.0
29,ROI_39,ROI_25,0.0,0.0,0.0,0.0
29,ROI_39,ROI_26,0.0,0.0,0.0,0.0
29,ROI_39,ROI_27,0.0,0.0,0.0,0.0
29,ROI_39,ROI_28,0.0,0.0,0.0,0.0
29,ROI_39,ROI_29,0.0,0.0,0.0,0.0
29,ROI_39,ROI_30,0.0,0.0,0.0,0.0
29,ROI_39,ROI_32,0.0,0.0,0.0,0.0
29,ROI_39,ROI_33,0.0,0.0,0.0,0.0
29,ROI_39,ROI_34,0.0,0.0,0.0,0.0
29,ROI_39,ROI_35,0.0,0.0,0.0,0.0
29,ROI_39,ROI_36,0.0,0.0,0.0,0.0
29,ROI_39,ROI_37,0.0,0.0,0.0,0.0
29,ROI_39,ROI_38,0.0,0.0,0.0,0.0
29,ROI_39,ROI_39,0.0,0.0,0.0,0.0
29,ROI_39,ROI_12,0.0,0.0,0.0,0.0
29,ROI_39,ROI_10,0.0,0.0,0.0,0.0
29,ROI_39,ROI_41,0.0,0.0,0.0,0.0
29,ROI_39,ROI_9,0.0,0.0,0.0,0.0
29,ROI_38,ROI_44,0.0,0.0,0.0,0.0
29,ROI_38,ROI_45,0.0,0.0,0.0,0.0
29,ROI_38,ROI_46,0.0,0.0,0.0,0.0
29,ROI_38,ROI_47,0.0,0.0,0.0,0.0
29,ROI_38,ROI_48,0.0,0.0,0.0,0.0
29,ROI_38,ROI_49,0.0,0.0,0.0,0.0
29,ROI_38,ROI_50,0.0,0.0,0.0,0.0
29,ROI_38,ROI_51,0.0,0.0,0.0,0.0
29,ROI_38,ROI_52,0.0,0.0,0.0,0.0
29,ROI_38,ROI_53,0.0,0.0,0.0,0.0
29,ROI_38,ROI_54,0.0,0.0,0.0,0.0
29,ROI_38,ROI_55,0.0,0.0,0.0,0.0
29,ROI_38,ROI_56,0.0,0.0,0.0,0.0
29,ROI_38,ROI_57,0.0,0.0,0.0,0.0
29,ROI_38,ROI_58,0.0,0.0,0.0,0.0
29,ROI_38,ROI_59,0.0,0.0,0.0,0.0
29,ROI_38,ROI_60,0.0,0.0,0.0,0.0
29,ROI_38,ROI_61,0.0,0.0,0.0,0.0
29,ROI_38,ROI_62,0.0,0.0,0.0,0.0
29,ROI_39,ROI_1,0.0,0.0,0.0,0.0
29,ROI_39,ROI_2,0.0,0.0,0.0,0.0
29,ROI_39,ROI_3,0.0,0.0,0.0,0.0
29,ROI_39,ROI_4,0.0,0.0,0.0,0.0
29,ROI_39,ROI_5,0.0,0.0,0.0,0.0
29,ROI_39,ROI_6,0.0,0.0,0.0,0.0
29,ROI_39,ROI_40,0.0,0.0,0.0,0.0
29,ROI_39,ROI_42,0.0,0.0,0.0,0.0
29,ROI_38,ROI_42,0.0,0.0,0.0,0.0
29,ROI_40,ROI_10,0.0,0.0,0.0,0.0
29,ROI_40,ROI_12,0.0,0.0,0.0,0.0
29,ROI_40,ROI_13,0.0,0.0,0.0,0.0
29,ROI_40,ROI_15,0.0,0.0,0.0,0.0
29,ROI_40,ROI_16,0.0,0.0,0.0,0.0
29,ROI_40,ROI_17,0.0,0.0,0.0,0.0
29,ROI_40,ROI_18,0.0,0.0,0.0,0.0
29,ROI_40,ROI_19,0.0,0.0,0.0,0.0
29,ROI_40,ROI_20,0.0,0.0,0.0,0.0
29,ROI_40,ROI_21,0.0,0.0,0.0,0.0
29,ROI_40,ROI_22,0.0,0.0,0.0,0.0
29,ROI_40,ROI_23,0.0,0.0,0.0,0.0
29,ROI_40,ROI_24,0.0,0.0,0.0,0.0
29,ROI_40,ROI_25,0.0,0.0,0.0,0.0
29,ROI_40,ROI_26,0.0,0.0,0.0,0.0
29,ROI_40,ROI_27,0.0,0.0,0.0,0.0
29,ROI_40,ROI_28,0.0,0.0,0.0,0.0
29,ROI_40,ROI_29,0.0,0.0,0.0,0.0
29,ROI_40,ROI_30,0.0,0.0,0.0,0.0
29,ROI_40,ROI_31,0.0,0.0,0.0,0.0
29,ROI_40,ROI_33,0.0,0.0,0.0,0.0
29,ROI_40,ROI_34,0.0,0.0,0.0,0.0
29,ROI_40,ROI_35,0.0,0.0,0.0,0.0
29,ROI_40,ROI_36,0.0,0.0,0.0,0.0
29,ROI_40,ROI_37,0.0,0.0,0.0,0.0
29,ROI_40,ROI_38,0.0,0.0,0.0,0.0
29,ROI_40,ROI_11,0.0,0.0,0.0,0.0
29,ROI_40,ROI_9,0.0,0.0,0.0,0.0
29,ROI_39,ROI_43,0.0,0.0,0.0,0.0
29,ROI_40,ROI_7,0.0,0.0,0.0,0.0
29,ROI_39,ROI_44,0.0,0.0,0.0,0.0
29,ROI_39,ROI_45,0.0,0.0,0.0,0.0
29,ROI_39,ROI_46,0.0,0.0,0.0,0.0
29,ROI_39,ROI_47,0.0,0.0,0.0,0.0
29,ROI_39,ROI_48,0.0,0.0,0.0,0.0
29,ROI_39,ROI_49,0.0,0.0,0.0,0.0
29,ROI_39,ROI_50,0.0,0.0,0.0,0.0
29,ROI_39,ROI_51,0.0,0.0,0.0,0.0
29,ROI_39,ROI_52,0.0,0.0,0.0,0.0
29,ROI_39,ROI_53,0.0,0.0,0.0,0.0
29,ROI_39,ROI_54,0.0,0.0,0.0,0.0
29,ROI_39,ROI_55,0.0,0.0,0.0,0.0
29,ROI_39,ROI_56,0.0,0.0,0.0,0.0
29,ROI_39,ROI_57,0.0,0.0,0.0,0.0
29,ROI_39,ROI_58,0.0,0.0,0.0,0.0
29,ROI_39,ROI_59,0.0,0.0,0.0,0.0
29,ROI_39,ROI_60,0.0,0.0,0.0,0.0
29,ROI_47,ROI_17,0.0,0.0,0.0,0.0
29,ROI_39,ROI_62,0.0,0.0,0.0,0.0
29,ROI_40,ROI_1,0.0,0.0,0.0,0.0
29,ROI_40,ROI_2,0.0,0.0,0.0,0.0
29,ROI_40,ROI_3,0.0,0.0,0.0,0.0
29,ROI_40,ROI_4,0.0,0.0,0.0,0.0
29,ROI_40,ROI_5,0.0,0.0,0.0,0.0
29,ROI_40,ROI_6,0.0,0.0,0.0,0.0
29,ROI_38,ROI_43,0.0,0.0,0.0,0.0
29,ROI_38,ROI_41,0.0,0.0,0.0,0.0
29,ROI_36,ROI_46,0.0,0.0,0.0,0.0
29,ROI_37,ROI_12,0.0,0.0,0.0,0.0
29,ROI_37,ROI_14,0.0,0.0,0.0,0.0
29,ROI_37,ROI_15,0.0,0.0,0.0,0.0
29,ROI_37,ROI_16,0.0,0.0,0.0,0.0
29,ROI_37,ROI_17,0.0,0.0,0.0,0.0
29,ROI_37,ROI_18,0.0,0.0,0.0,0.0
29,ROI_37,ROI_19,0.0,0.0,0.0,0.0
29,ROI_37,ROI_20,0.0,0.0,0.0,0.0
29,ROI_37,ROI_21,0.0,0.0,0.0,0.0
29,ROI_37,ROI_23,0.0,0.0,0.0,0.0
29,ROI_37,ROI_24,0.0,0.0,0.0,0.0
29,ROI_37,ROI_25,0.0,0.0,0.0,0.0
29,ROI_37,ROI_27,0.0,0.0,0.0,0.0
29,ROI_37,ROI_28,0.0,0.0,0.0,0.0
29,ROI_37,ROI_29,0.0,0.0,0.0,0.0
29,ROI_37,ROI_30,0.0,0.0,0.0,0.0
29,ROI_37,ROI_31,0.0,0.0,0.0,0.0
29,ROI_37,ROI_32,0.0,0.0,0.0,0.0
29,ROI_37,ROI_34,0.0,0.0,0.0,0.0
29,ROI_37,ROI_35,0.0,0.0,0.0,0.0
29,ROI_37,ROI_36,0.0,0.0,0.0,0.0
29,ROI_37,ROI_37,0.0,0.0,0.0,0.0
29,ROI_37,ROI_38,0.0,0.0,0.0,0.0
29,ROI_37,ROI_39,0.0,0.0,0.0,0.0
29,ROI_37,ROI_40,0.0,0.0,0.0,0.0
29,ROI_37,ROI_41,0.0,0.0,0.0,0.0
29,ROI_37,ROI_13,0.0,0.0,0.0,0.0
29,ROI_37,ROI_11,0.0,0.0,0.0,0.0
29,ROI_37,ROI_43,0.0,0.0,0.0,0.0
29,ROI_37,ROI_10,0.0,0.0,0.0,0.0
29,ROI_36,ROI_47,0.0,0.0,0.0,0.0
29,ROI_36,ROI_48,0.0,0.0,0.0,0.0
29,ROI_36,ROI_49,0.0,0.0,0.0,0.0
29,ROI_36,ROI_50,0.0,0.0,0.0,0.0
29,ROI_36,ROI_51,0.0,0.0,0.0,0.0
29,ROI_36,ROI_52,0.0,0.0,0.0,0.0
29,ROI_36,ROI_53,0.0,0.0,0.0,0.0
29,ROI_36,ROI_54,0.0,0.0,0.0,0.0
29,ROI_36,ROI_55,0.0,0.0,0.0,0.0
29,ROI_36,ROI_56,0.0,0.0,0.0,0.0
29,ROI_36,ROI_57,0.0,0.0,0.0,0.0
29,ROI_36,ROI_58,0.0,0.0,0.0,0.0
29,ROI_36,ROI_59,0.0,0.0,0.0,0.0
29,ROI_36,ROI_60,0.0,0.0,0.0,0.0
29,ROI_36,ROI_61,0.0,0.0,0.0,0.0
29,ROI_36,ROI_62,0.0,0.0,0.0,0.0
29,ROI_37,ROI_1,0.0,0.0,0.0,0.0
29,ROI_37,ROI_2,0.0,0.0,0.0,0.0
29,ROI_37,ROI_3,0.0,0.0,0.0,0.0
29,ROI_37,ROI_4,0.0,0.0,0.0,0.0
29,ROI_37,ROI_5,0.0,0.0,0.0,0.0
29,ROI_37,ROI_6,0.0,0.0,0.0,0.0
29,ROI_37,ROI_7,0.0,0.0,0.0,0.0
29,ROI_37,ROI_8,0.0,0.0,0.0,0.0
29,ROI_37,ROI_9,0.0,0.0,0.0,0.0
29,ROI_37,ROI_42,0.0,0.0,0.0,0.0
29,ROI_37,ROI_44,0.0,0.0,0.0,0.0
29,ROI_38,ROI_40,0.0,0.0,0.0,0.0
29,ROI_38,ROI_13,0.0,0.0,0.0,0.0
29,ROI_38,ROI_15,0.0,0.0,0.0,0.0
29,ROI_38,ROI_16,0.0,0.0,0.0,0.0
29,ROI_38,ROI_17,0.0,0.0,0.0,0.0
29,ROI_38,ROI_18,0.0,0.0,0.0,0.0
29,ROI_38,ROI_19,0.0,0.0,0.0,0.0
29,ROI_38,ROI_20,0.0,0.0,0.0,0.0
29,ROI_38,ROI_21,0.0,0.0,0.0,0.0
29,ROI_38,ROI_22,0.0,0.0,0.0,0.0
29,ROI_38,ROI_23,0.0,0.0,0.0,0.0
29,ROI_38,ROI_24,0.0,0.0,0.0,0.0
29,ROI_38,ROI_25,0.0,0.0,0.0,0.0
29,ROI_38,ROI_26,0.0,0.0,0.0,0.0
29,ROI_38,ROI_27,0.0,0.0,0.0,0.0
29,ROI_38,ROI_28,0.0,0.0,0.0,0.0
29,ROI_38,ROI_29,0.0,0.0,0.0,0.0
29,ROI_38,ROI_30,0.0,0.0,0.0,0.0
29,ROI_38,ROI_31,0.0,0.0,0.0,0.0
29,ROI_38,ROI_32,0.0,0.0,0.0,0.0
29,ROI_38,ROI_33,0.0,0.0,0.0,0.0
29,ROI_38,ROI_34,0.0,0.0,0.0,0.0
29,ROI_38,ROI_35,0.0,0.0,0.0,0.0
29,ROI_38,ROI_36,0.0,0.0,0.0,0.0
29,ROI_38,ROI_37,0.0,0.0,0.0,0.0
29,ROI_38,ROI_38,0.0,0.0,0.0,0.0
29,ROI_38,ROI_39,0.0,0.0,0.0,0.0
29,ROI_38,ROI_14,0.0,0.0,0.0,0.0
29,ROI_38,ROI_12,0.0,0.0,0.0,0.0
29,ROI_37,ROI_45,0.0,0.0,0.0,0.0
29,ROI_38,ROI_10,0.0,0.0,0.0,0.0
29,ROI_37,ROI_46,0.0,0.0,0.0,0.0
29,ROI_37,ROI_47,0.0,0.0,0.0,0.0
29,ROI_37,ROI_48,0.0,0.0,0.0,0.0
29,ROI_37,ROI_49,0.0,0.0,0.0,0.0
29,ROI_37,ROI_50,0.0,0.0,0.0,0.0
29,ROI_37,ROI_51,0.0,0.0,0.0,0.0
29,ROI_37,ROI_52,0.0,0.0,0.0,0.0
29,ROI_37,ROI_53,0.0,0.0,0.0,0.0
29,ROI_37,ROI_54,0.0,0.0,0.0,0.0
29,ROI_37,ROI_55,0.0,0.0,0.0,0.0
29,ROI_37,ROI_56,0.0,0.0,0.0,0.0
29,ROI_37,ROI_57,0.0,0.0,0.0,0.0
29,ROI_37,ROI_59,0.0,0.0,0.0,0.0
29,ROI_37,ROI_60,0.0,0.0,0.0,0.0
29,ROI_37,ROI_61,0.0,0.0,0.0,0.0
29,ROI_37,ROI_62,0.0,0.0,0.0,0.0
29,ROI_38,ROI_1,0.0,0.0,0.0,0.0
29,ROI_38,ROI_2,0.0,0.0,0.0,0.0
29,ROI_38,ROI_3,0.0,0.0,0.0,0.0
29,ROI_38,ROI_4,0.0,0.0,0.0,0.0
29,ROI_38,ROI_5,0.0,0.0,0.0,0.0
29,ROI_38,ROI_6,0.0,0.0,0.0,0.0
29,ROI_38,ROI_7,0.0,0.0,0.0,0.0
29,ROI_38,ROI_8,0.0,0.0,0.0,0.0
29,ROI_38,ROI_9,0.0,0.0,0.0,0.0
29,ROI_39,ROI_61,0.0,0.0,0.0,0.0
29,ROI_47,ROI_60,0.0,0.0,0.0,0.0
29,ROI_47,ROI_18,0.0,0.0,0.0,0.0
29,ROI_57,ROI_49,0.0,0.0,0.0,0.0
29,ROI_57,ROI_37,0.0,0.0,0.0,0.0
29,ROI_57,ROI_38,0.0,0.0,0.0,0.0
29,ROI_57,ROI_39,0.0,0.0,0.0,0.0
29,ROI_57,ROI_40,0.0,0.0,0.0,0.0
29,ROI_57,ROI_41,0.0,0.0,0.0,0.0
29,ROI_57,ROI_42,0.0,0.0,0.0,0.0
29,ROI_57,ROI_43,0.0,0.0,0.0,0.0
29,ROI_57,ROI_44,0.0,0.0,0.0,0.0
29,ROI_57,ROI_45,0.0,0.0,0.0,0.0
29,ROI_57,ROI_46,0.0,0.0,0.0,0.0
29,ROI_57,ROI_47,0.0,0.0,0.0,0.0
29,ROI_57,ROI_48,0.0,0.0,0.0,0.0
29,ROI_57,ROI_50,0.0,0.0,0.0,0.0
29,ROI_58,ROI_2,0.0,0.0,0.0,0.0
29,ROI_57,ROI_51,0.0,0.0,0.0,0.0
29,ROI_57,ROI_52,0.0,0.0,0.0,0.0
29,ROI_57,ROI_53,0.0,0.0,0.0,0.0
29,ROI_57,ROI_54,0.0,0.0,0.0,0.0
29,ROI_57,ROI_55,0.0,0.0,0.0,0.0
29,ROI_57,ROI_56,0.0,0.0,0.0,0.0
29,ROI_57,ROI_57,0.0,0.0,0.0,0.0
29,ROI_57,ROI_58,0.0,0.0,0.0,0.0
29,ROI_57,ROI_59,0.0,0.0,0.0,0.0
29,ROI_57,ROI_60,0.0,0.0,0.0,0.0
29,ROI_57,ROI_61,0.0,0.0,0.0,0.0
29,ROI_57,ROI_62,0.0,0.0,0.0,0.0
29,ROI_57,ROI_36,0.0,0.0,0.0,0.0
29,ROI_57,ROI_35,0.0,0.0,0.0,0.0
29,ROI_57,ROI_34,0.0,0.0,0.0,0.0
29,ROI_57,ROI_33,0.0,0.0,0.0,0.0
29,ROI_57,ROI_8,0.0,0.0,0.0,0.0
29,ROI_57,ROI_9,0.0,0.0,0.0,0.0
29,ROI_57,ROI_10,0.0,0.0,0.0,0.0
29,ROI_57,ROI_11,0.0,0.0,0.0,0.0
29,ROI_57,ROI_12,0.0,0.0,0.0,0.0
29,ROI_57,ROI_13,0.0,0.0,0.0,0.0
29,ROI_57,ROI_14,0.0,0.0,0.0,0.0
29,ROI_57,ROI_15,0.0,0.0,0.0,0.0
29,ROI_57,ROI_16,0.0,0.0,0.0,0.0
29,ROI_57,ROI_17,0.0,0.0,0.0,0.0
29,ROI_57,ROI_18,0.0,0.0,0.0,0.0
29,ROI_57,ROI_19,0.0,0.0,0.0,0.0
29,ROI_57,ROI_20,0.0,0.0,0.0,0.0
29,ROI_57,ROI_21,0.0,0.0,0.0,0.0
29,ROI_57,ROI_22,0.0,0.0,0.0,0.0
29,ROI_57,ROI_23,0.0,0.0,0.0,0.0
29,ROI_57,ROI_24,0.0,0.0,0.0,0.0
29,ROI_57,ROI_25,0.0,0.0,0.0,0.0
29,ROI_57,ROI_26,0.0,0.0,0.0,0.0
29,ROI_57,ROI_27,0.0,0.0,0.0,0.0
29,ROI_57,ROI_28,0.0,0.0,0.0,0.0
29,ROI_57,ROI_29,0.0,0.0,0.0,0.0
29,ROI_57,ROI_30,0.0,0.0,0.0,0.0
29,ROI_57,ROI_31,0.0,0.0,0.0,0.0
29,ROI_57,ROI_32,0.0,0.0,0.0,0.0
29,ROI_58,ROI_1,0.0,0.0,0.0,0.0
29,ROI_58,ROI_3,0.0,0.0,0.0,0.0
29,ROI_57,ROI_6,0.0,0.0,0.0,0.0
29,ROI_58,ROI_49,0.0,0.0,0.0,0.0
29,ROI_58,ROI_37,0.0,0.0,0.0,0.0
29,ROI_58,ROI_38,0.0,0.0,0.0,0.0
29,ROI_58,ROI_39,0.0,0.0,0.0,0.0
29,ROI_58,ROI_40,0.0,0.0,0.0,0.0
29,ROI_58,ROI_41,0.0,0.0,0.0,0.0
29,ROI_58,ROI_42,0.0,0.0,0.0,0.0
29,ROI_58,ROI_43,0.0,0.0,0.0,0.0
29,ROI_58,ROI_44,0.0,0.0,0.0,0.0
29,ROI_58,ROI_45,0.0,0.0,0.0,0.0
29,ROI_58,ROI_46,0.0,0.0,0.0,0.0
29,ROI_58,ROI_47,0.0,0.0,0.0,0.0
29,ROI_58,ROI_48,0.0,0.0,0.0,0.0
29,ROI_58,ROI_50,0.0,0.0,0.0,0.0
29,ROI_58,ROI_4,0.0,0.0,0.0,0.0
29,ROI_58,ROI_51,0.0,0.0,0.0,0.0
29,ROI_58,ROI_52,0.0,0.0,0.0,0.0
29,ROI_58,ROI_53,0.0,0.0,0.0,0.0
29,ROI_58,ROI_54,0.0,0.0,0.0,0.0
29,ROI_58,ROI_55,0.0,0.0,0.0,0.0
29,ROI_58,ROI_56,0.0,0.0,0.0,0.0
29,ROI_58,ROI_57,0.0,0.0,0.0,0.0
29,ROI_58,ROI_58,0.0,0.0,0.0,0.0
29,ROI_58,ROI_59,0.0,0.0,0.0,0.0
29,ROI_58,ROI_60,0.0,0.0,0.0,0.0
29,ROI_58,ROI_61,0.0,0.0,0.0,0.0
29,ROI_59,ROI_1,0.0,0.0,0.0,0.0
29,ROI_58,ROI_36,0.0,0.0,0.0,0.0
29,ROI_58,ROI_35,0.0,0.0,0.0,0.0
29,ROI_58,ROI_34,0.0,0.0,0.0,0.0
29,ROI_58,ROI_33,0.0,0.0,0.0,0.0
29,ROI_58,ROI_5,0.0,0.0,0.0,0.0
29,ROI_58,ROI_6,0.0,0.0,0.0,0.0
29,ROI_58,ROI_7,0.0,0.0,0.0,0.0
29,ROI_58,ROI_8,0.0,0.0,0.0,0.0
29,ROI_58,ROI_9,0.0,0.0,0.0,0.0
29,ROI_58,ROI_11,0.0,0.0,0.0,0.0
29,ROI_58,ROI_12,0.0,0.0,0.0,0.0
29,ROI_58,ROI_13,0.0,0.0,0.0,0.0
29,ROI_58,ROI_15,0.0,0.0,0.0,0.0
29,ROI_58,ROI_16,0.0,0.0,0.0,0.0
29,ROI_58,ROI_17,0.0,0.0,0.0,0.0
29,ROI_58,ROI_18,0.0,0.0,0.0,0.0
29,ROI_58,ROI_19,0.0,0.0,0.0,0.0
29,ROI_58,ROI_20,0.0,0.0,0.0,0.0
29,ROI_58,ROI_21,0.0,0.0,0.0,0.0
29,ROI_58,ROI_22,0.0,0.0,0.0,0.0
29,ROI_58,ROI_23,0.0,0.0,0.0,0.0
29,ROI_58,ROI_24,0.0,0.0,0.0,0.0
29,ROI_58,ROI_25,0.0,0.0,0.0,0.0
29,ROI_58,ROI_26,0.0,0.0,0.0,0.0
29,ROI_58,ROI_27,0.0,0.0,0.0,0.0
29,ROI_58,ROI_28,0.0,0.0,0.0,0.0
29,ROI_58,ROI_29,0.0,0.0,0.0,0.0
29,ROI_58,ROI_30,0.0,0.0,0.0,0.0
29,ROI_58,ROI_31,0.0,0.0,0.0,0.0
29,ROI_57,ROI_7,0.0,0.0,0.0,0.0
29,ROI_57,ROI_5,0.0,0.0,0.0,0.0
29,ROI_59,ROI_3,0.0,0.0,0.0,0.0
29,ROI_55,ROI_52,0.0,0.0,0.0,0.0
29,ROI_55,ROI_39,0.0,0.0,0.0,0.0
29,ROI_55,ROI_41,0.0,0.0,0.0,0.0
29,ROI_55,ROI_42,0.0,0.0,0.0,0.0
29,ROI_55,ROI_43,0.0,0.0,0.0,0.0
29,ROI_55,ROI_44,0.0,0.0,0.0,0.0
29,ROI_55,ROI_45,0.0,0.0,0.0,0.0
29,ROI_55,ROI_46,0.0,0.0,0.0,0.0
29,ROI_55,ROI_47,0.0,0.0,0.0,0.0
29,ROI_55,ROI_48,0.0,0.0,0.0,0.0
29,ROI_55,ROI_49,0.0,0.0,0.0,0.0
29,ROI_55,ROI_50,0.0,0.0,0.0,0.0
29,ROI_55,ROI_51,0.0,0.0,0.0,0.0
29,ROI_55,ROI_53,0.0,0.0,0.0,0.0
29,ROI_56,ROI_5,0.0,0.0,0.0,0.0
29,ROI_55,ROI_54,0.0,0.0,0.0,0.0
29,ROI_55,ROI_55,0.0,0.0,0.0,0.0
29,ROI_55,ROI_56,0.0,0.0,0.0,0.0
29,ROI_55,ROI_57,0.0,0.0,0.0,0.0
29,ROI_55,ROI_58,0.0,0.0,0.0,0.0
29,ROI_55,ROI_59,0.0,0.0,0.0,0.0
29,ROI_55,ROI_60,0.0,0.0,0.0,0.0
29,ROI_55,ROI_61,0.0,0.0,0.0,0.0
29,ROI_55,ROI_62,0.0,0.0,0.0,0.0
29,ROI_56,ROI_1,0.0,0.0,0.0,0.0
29,ROI_56,ROI_2,0.0,0.0,0.0,0.0
29,ROI_56,ROI_3,0.0,0.0,0.0,0.0
29,ROI_55,ROI_38,0.0,0.0,0.0,0.0
29,ROI_55,ROI_37,0.0,0.0,0.0,0.0
29,ROI_55,ROI_36,0.0,0.0,0.0,0.0
29,ROI_55,ROI_35,0.0,0.0,0.0,0.0
29,ROI_55,ROI_8,0.0,0.0,0.0,0.0
29,ROI_55,ROI_9,0.0,0.0,0.0,0.0
29,ROI_55,ROI_10,0.0,0.0,0.0,0.0
29,ROI_55,ROI_11,0.0,0.0,0.0,0.0
29,ROI_55,ROI_12,0.0,0.0,0.0,0.0
29,ROI_55,ROI_14,0.0,0.0,0.0,0.0
29,ROI_55,ROI_15,0.0,0.0,0.0,0.0
29,ROI_55,ROI_16,0.0,0.0,0.0,0.0
29,ROI_55,ROI_17,0.0,0.0,0.0,0.0
29,ROI_55,ROI_18,0.0,0.0,0.0,0.0
29,ROI_55,ROI_19,0.0,0.0,0.0,0.0
29,ROI_55,ROI_20,0.0,0.0,0.0,0.0
29,ROI_55,ROI_21,0.0,0.0,0.0,0.0
29,ROI_55,ROI_22,0.0,0.0,0.0,0.0
29,ROI_55,ROI_23,0.0,0.0,0.0,0.0
29,ROI_55,ROI_24,0.0,0.0,0.0,0.0
29,ROI_55,ROI_25,0.0,0.0,0.0,0.0
29,ROI_55,ROI_26,0.0,0.0,0.0,0.0
29,ROI_55,ROI_27,0.0,0.0,0.0,0.0
29,ROI_55,ROI_29,0.0,0.0,0.0,0.0
29,ROI_55,ROI_30,0.0,0.0,0.0,0.0
29,ROI_55,ROI_31,0.0,0.0,0.0,0.0
29,ROI_55,ROI_32,0.0,0.0,0.0,0.0
29,ROI_55,ROI_33,0.0,0.0,0.0,0.0
29,ROI_55,ROI_34,0.0,0.0,0.0,0.0
29,ROI_56,ROI_4,0.0,0.0,0.0,0.0
29,ROI_56,ROI_6,0.0,0.0,0.0,0.0
29,ROI_57,ROI_4,0.0,0.0,0.0,0.0
29,ROI_56,ROI_50,0.0,0.0,0.0,0.0
29,ROI_56,ROI_38,0.0,0.0,0.0,0.0
29,ROI_56,ROI_39,0.0,0.0,0.0,0.0
29,ROI_56,ROI_40,0.0,0.0,0.0,0.0
29,ROI_56,ROI_41,0.0,0.0,0.0,0.0
29,ROI_56,ROI_42,0.0,0.0,0.0,0.0
29,ROI_56,ROI_43,0.0,0.0,0.0,0.0
29,ROI_56,ROI_44,0.0,0.0,0.0,0.0
29,ROI_56,ROI_45,0.0,0.0,0.0,0.0
29,ROI_56,ROI_46,0.0,0.0,0.0,0.0
29,ROI_56,ROI_47,0.0,0.0,0.0,0.0
29,ROI_56,ROI_48,0.0,0.0,0.0,0.0
29,ROI_56,ROI_49,0.0,0.0,0.0,0.0
29,ROI_56,ROI_51,0.0,0.0,0.0,0.0
29,ROI_56,ROI_7,0.0,0.0,0.0,0.0
29,ROI_56,ROI_52,0.0,0.0,0.0,0.0
29,ROI_56,ROI_53,0.0,0.0,0.0,0.0
29,ROI_56,ROI_54,0.0,0.0,0.0,0.0
29,ROI_56,ROI_55,0.0,0.0,0.0,0.0
29,ROI_56,ROI_56,0.0,0.0,0.0,0.0
29,ROI_56,ROI_57,0.0,0.0,0.0,0.0
29,ROI_56,ROI_59,0.0,0.0,0.0,0.0
29,ROI_56,ROI_61,0.0,0.0,0.0,0.0
29,ROI_56,ROI_62,0.0,0.0,0.0,0.0
29,ROI_57,ROI_1,0.0,0.0,0.0,0.0
29,ROI_57,ROI_2,0.0,0.0,0.0,0.0
29,ROI_57,ROI_3,0.0,0.0,0.0,0.0
29,ROI_56,ROI_37,0.0,0.0,0.0,0.0
29,ROI_56,ROI_36,0.0,0.0,0.0,0.0
29,ROI_56,ROI_35,0.0,0.0,0.0,0.0
29,ROI_56,ROI_34,0.0,0.0,0.0,0.0
29,ROI_56,ROI_8,0.0,0.0,0.0,0.0
29,ROI_56,ROI_10,0.0,0.0,0.0,0.0
29,ROI_56,ROI_11,0.0,0.0,0.0,0.0
29,ROI_56,ROI_12,0.0,0.0,0.0,0.0
29,ROI_56,ROI_13,0.0,0.0,0.0,0.0
29,ROI_56,ROI_14,0.0,0.0,0.0,0.0
29,ROI_56,ROI_15,0.0,0.0,0.0,0.0
29,ROI_56,ROI_16,0.0,0.0,0.0,0.0
29,ROI_56,ROI_17,0.0,0.0,0.0,0.0
29,ROI_56,ROI_18,0.0,0.0,0.0,0.0
29,ROI_56,ROI_19,0.0,0.0,0.0,0.0
29,ROI_56,ROI_20,0.0,0.0,0.0,0.0
29,ROI_56,ROI_21,0.0,0.0,0.0,0.0
29,ROI_56,ROI_22,0.0,0.0,0.0,0.0
29,ROI_56,ROI_23,0.0,0.0,0.0,0.0
29,ROI_56,ROI_24,0.0,0.0,0.0,0.0
29,ROI_56,ROI_25,0.0,0.0,0.0,0.0
29,ROI_56,ROI_26,0.0,0.0,0.0,0.0
29,ROI_56,ROI_27,0.0,0.0,0.0,0.0
29,ROI_56,ROI_28,0.0,0.0,0.0,0.0
29,ROI_56,ROI_29,0.0,0.0,0.0,0.0
29,ROI_56,ROI_30,0.0,0.0,0.0,0.0
29,ROI_56,ROI_31,0.0,0.0,0.0,0.0
29,ROI_56,ROI_32,0.0,0.0,0.0,0.0
29,ROI_56,ROI_33,0.0,0.0,0.0,0.0
29,ROI_59,ROI_2,0.0,0.0,0.0,0.0
29,ROI_59,ROI_4,0.0,0.0,0.0,0.0
29,ROI_47,ROI_19,0.0,0.0,0.0,0.0
29,ROI_61,ROI_50,0.0,0.0,0.0,0.0
29,ROI_61,ROI_37,0.0,0.0,0.0,0.0
29,ROI_61,ROI_38,0.0,0.0,0.0,0.0
29,ROI_61,ROI_39,0.0,0.0,0.0,0.0
29,ROI_61,ROI_40,0.0,0.0,0.0,0.0
29,ROI_61,ROI_41,0.0,0.0,0.0,0.0
29,ROI_61,ROI_43,0.0,0.0,0.0,0.0
29,ROI_61,ROI_44,0.0,0.0,0.0,0.0
29,ROI_61,ROI_45,0.0,0.0,0.0,0.0
29,ROI_61,ROI_46,0.0,0.0,0.0,0.0
29,ROI_61,ROI_47,0.0,0.0,0.0,0.0
29,ROI_61,ROI_48,0.0,0.0,0.0,0.0
29,ROI_61,ROI_49,0.0,0.0,0.0,0.0
29,ROI_61,ROI_51,0.0,0.0,0.0,0.0
29,ROI_62,ROI_4,0.0,0.0,0.0,0.0
29,ROI_61,ROI_52,0.0,0.0,0.0,0.0
29,ROI_61,ROI_53,0.0,0.0,0.0,0.0
29,ROI_61,ROI_54,0.0,0.0,0.0,0.0
29,ROI_61,ROI_55,0.0,0.0,0.0,0.0
29,ROI_61,ROI_56,0.0,0.0,0.0,0.0
29,ROI_61,ROI_57,0.0,0.0,0.0,0.0
29,ROI_61,ROI_58,0.0,0.0,0.0,0.0
29,ROI_61,ROI_59,0.0,0.0,0.0,0.0
29,ROI_61,ROI_60,0.0,0.0,0.0,0.0
29,ROI_61,ROI_61,0.0,0.0,0.0,0.0
29,ROI_61,ROI_62,0.0,0.0,0.0,0.0
29,ROI_62,ROI_2,0.0,0.0,0.0,0.0
29,ROI_61,ROI_36,0.0,0.0,0.0,0.0
29,ROI_61,ROI_35,0.0,0.0,0.0,0.0
29,ROI_61,ROI_34,0.0,0.0,0.0,0.0
29,ROI_61,ROI_33,0.0,0.0,0.0,0.0
29,ROI_61,ROI_4,0.0,0.0,0.0,0.0
29,ROI_61,ROI_5,0.0,0.0,0.0,0.0
29,ROI_61,ROI_7,0.0,0.0,0.0,0.0
29,ROI_61,ROI_8,0.0,0.0,0.0,0.0
29,ROI_61,ROI_9,0.0,0.0,0.0,0.0
29,ROI_61,ROI_10,0.0,0.0,0.0,0.0
29,ROI_61,ROI_11,0.0,0.0,0.0,0.0
29,ROI_61,ROI_12,0.0,0.0,0.0,0.0
29,ROI_61,ROI_13,0.0,0.0,0.0,0.0
29,ROI_61,ROI_14,0.0,0.0,0.0,0.0
29,ROI_61,ROI_15,0.0,0.0,0.0,0.0
29,ROI_61,ROI_16,0.0,0.0,0.0,0.0
29,ROI_61,ROI_17,0.0,0.0,0.0,0.0
29,ROI_61,ROI_18,0.0,0.0,0.0,0.0
29,ROI_61,ROI_19,0.0,0.0,0.0,0.0
29,ROI_61,ROI_20,0.0,0.0,0.0,0.0
29,ROI_61,ROI_21,0.0,0.0,0.0,0.0
29,ROI_61,ROI_22,0.0,0.0,0.0,0.0
29,ROI_61,ROI_23,0.0,0.0,0.0,0.0
29,ROI_61,ROI_24,0.0,0.0,0.0,0.0
29,ROI_61,ROI_25,0.0,0.0,0.0,0.0
29,ROI_61,ROI_26,0.0,0.0,0.0,0.0
29,ROI_61,ROI_30,0.0,0.0,0.0,0.0
29,ROI_61,ROI_31,0.0,0.0,0.0,0.0
29,ROI_61,ROI_32,0.0,0.0,0.0,0.0
29,ROI_62,ROI_3,0.0,0.0,0.0,0.0
29,ROI_62,ROI_5,0.0,0.0,0.0,0.0
29,ROI_61,ROI_2,0.0,0.0,0.0,0.0
29,ROI_62,ROI_48,0.0,0.0,0.0,0.0
29,ROI_62,ROI_36,0.0,0.0,0.0,0.0
29,ROI_62,ROI_37,0.0,0.0,0.0,0.0
29,ROI_62,ROI_38,0.0,0.0,0.0,0.0
29,ROI_62,ROI_39,0.0,0.0,0.0,0.0
29,ROI_62,ROI_40,0.0,0.0,0.0,0.0
29,ROI_62,ROI_41,0.0,0.0,0.0,0.0
29,ROI_62,ROI_42,0.0,0.0,0.0,0.0
29,ROI_62,ROI_43,0.0,0.0,0.0,0.0
29,ROI_62,ROI_44,0.0,0.0,0.0,0.0
29,ROI_62,ROI_45,0.0,0.0,0.0,0.0
29,ROI_62,ROI_46,0.0,0.0,0.0,0.0
29,ROI_62,ROI_47,0.0,0.0,0.0,0.0
29,ROI_62,ROI_49,0.0,0.0,0.0,0.0
29,ROI_62,ROI_6,0.0,0.0,0.0,0.0
29,ROI_62,ROI_50,0.0,0.0,0.0,0.0
29,ROI_62,ROI_51,0.0,0.0,0.0,0.0
29,ROI_62,ROI_52,0.0,0.0,0.0,0.0
29,ROI_62,ROI_53,0.0,0.0,0.0,0.0
29,ROI_62,ROI_54,0.0,0.0,0.0,0.0
29,ROI_62,ROI_55,0.0,0.0,0.0,0.0
29,ROI_62,ROI_56,0.0,0.0,0.0,0.0
29,ROI_62,ROI_57,0.0,0.0,0.0,0.0
29,ROI_62,ROI_58,0.0,0.0,0.0,0.0
29,ROI_62,ROI_59,0.0,0.0,0.0,0.0
29,ROI_62,ROI_60,0.0,0.0,0.0,0.0
29,ROI_62,ROI_61,0.0,0.0,0.0,0.0
29,ROI_62,ROI_35,0.0,0.0,0.0,0.0
29,ROI_62,ROI_34,0.0,0.0,0.0,0.0
29,ROI_62,ROI_33,0.0,0.0,0.0,0.0
29,ROI_62,ROI_32,0.0,0.0,0.0,0.0
29,ROI_62,ROI_7,0.0,0.0,0.0,0.0
29,ROI_62,ROI_8,0.0,0.0,0.0,0.0
29,ROI_62,ROI_9,0.0,0.0,0.0,0.0
29,ROI_62,ROI_10,0.0,0.0,0.0,0.0
29,ROI_62,ROI_11,0.0,0.0,0.0,0.0
29,ROI_62,ROI_12,0.0,0.0,0.0,0.0
29,ROI_62,ROI_13,0.0,0.0,0.0,0.0
29,ROI_62,ROI_14,0.0,0.0,0.0,0.0
29,ROI_62,ROI_15,0.0,0.0,0.0,0.0
29,ROI_62,ROI_16,0.0,0.0,0.0,0.0
29,ROI_62,ROI_17,0.0,0.0,0.0,0.0
29,ROI_62,ROI_18,0.0,0.0,0.0,0.0
29,ROI_62,ROI_19,0.0,0.0,0.0,0.0
29,ROI_62,ROI_20,0.0,0.0,0.0,0.0
29,ROI_62,ROI_21,0.0,0.0,0.0,0.0
29,ROI_62,ROI_22,0.0,0.0,0.0,0.0
29,ROI_62,ROI_23,0.0,0.0,0.0,0.0
29,ROI_62,ROI_24,0.0,0.0,0.0,0.0
29,ROI_62,ROI_25,0.0,0.0,0.0,0.0
29,ROI_62,ROI_26,0.0,0.0,0.0,0.0
29,ROI_62,ROI_27,0.0,0.0,0.0,0.0
29,ROI_62,ROI_28,0.0,0.0,0.0,0.0
29,ROI_62,ROI_29,0.0,0.0,0.0,0.0
29,ROI_62,ROI_30,0.0,0.0,0.0,0.0
29,ROI_62,ROI_31,0.0,0.0,0.0,0.0
29,ROI_61,ROI_3,0.0,0.0,0.0,0.0
29,ROI_61,ROI_1,0.0,0.0,0.0,0.0
29,ROI_59,ROI_5,0.0,0.0,0.0,0.0
29,ROI_59,ROI_49,0.0,0.0,0.0,0.0
29,ROI_59,ROI_36,0.0,0.0,0.0,0.0
29,ROI_59,ROI_37,0.0,0.0,0.0,0.0
29,ROI_59,ROI_38,0.0,0.0,0.0,0.0
29,ROI_59,ROI_39,0.0,0.0,0.0,0.0
29,ROI_59,ROI_40,0.0,0.0,0.0,0.0
29,ROI_59,ROI_41,0.0,0.0,0.0,0.0
29,ROI_59,ROI_43,0.0,0.0,0.0,0.0
29,ROI_59,ROI_44,0.0,0.0,0.0,0.0
29,ROI_59,ROI_45,0.0,0.0,0.0,0.0
29,ROI_59,ROI_46,0.0,0.0,0.0,0.0
29,ROI_59,ROI_47,0.0,0.0,0.0,0.0
29,ROI_59,ROI_48,0.0,0.0,0.0,0.0
29,ROI_59,ROI_50,0.0,0.0,0.0,0.0
29,ROI_60,ROI_2,0.0,0.0,0.0,0.0
29,ROI_59,ROI_51,0.0,0.0,0.0,0.0
29,ROI_59,ROI_52,0.0,0.0,0.0,0.0
29,ROI_59,ROI_53,0.0,0.0,0.0,0.0
29,ROI_59,ROI_54,0.0,0.0,0.0,0.0
29,ROI_59,ROI_55,0.0,0.0,0.0,0.0
29,ROI_59,ROI_56,0.0,0.0,0.0,0.0
29,ROI_59,ROI_57,0.0,0.0,0.0,0.0
29,ROI_59,ROI_58,0.0,0.0,0.0,0.0
29,ROI_59,ROI_59,0.0,0.0,0.0,0.0
29,ROI_59,ROI_60,0.0,0.0,0.0,0.0
29,ROI_59,ROI_61,0.0,0.0,0.0,0.0
29,ROI_59,ROI_62,0.0,0.0,0.0,0.0
29,ROI_59,ROI_35,0.0,0.0,0.0,0.0
29,ROI_59,ROI_34,0.0,0.0,0.0,0.0
29,ROI_59,ROI_33,0.0,0.0,0.0,0.0
29,ROI_59,ROI_32,0.0,0.0,0.0,0.0
29,ROI_59,ROI_6,0.0,0.0,0.0,0.0
29,ROI_59,ROI_7,0.0,0.0,0.0,0.0
29,ROI_59,ROI_8,0.0,0.0,0.0,0.0
29,ROI_59,ROI_9,0.0,0.0,0.0,0.0
29,ROI_59,ROI_10,0.0,0.0,0.0,0.0
29,ROI_59,ROI_11,0.0,0.0,0.0,0.0
29,ROI_59,ROI_12,0.0,0.0,0.0,0.0
29,ROI_59,ROI_13,0.0,0.0,0.0,0.0
29,ROI_59,ROI_14,0.0,0.0,0.0,0.0
29,ROI_59,ROI_15,0.0,0.0,0.0,0.0
29,ROI_59,ROI_16,0.0,0.0,0.0,0.0
29,ROI_59,ROI_17,0.0,0.0,0.0,0.0
29,ROI_59,ROI_18,0.0,0.0,0.0,0.0
29,ROI_59,ROI_19,0.0,0.0,0.0,0.0
29,ROI_59,ROI_20,0.0,0.0,0.0,0.0
29,ROI_59,ROI_21,0.0,0.0,0.0,0.0
29,ROI_59,ROI_22,0.0,0.0,0.0,0.0
29,ROI_59,ROI_23,0.0,0.0,0.0,0.0
29,ROI_59,ROI_24,0.0,0.0,0.0,0.0
29,ROI_59,ROI_25,0.0,0.0,0.0,0.0
29,ROI_59,ROI_26,0.0,0.0,0.0,0.0
29,ROI_59,ROI_27,0.0,0.0,0.0,0.0
29,ROI_59,ROI_28,0.0,0.0,0.0,0.0
29,ROI_59,ROI_29,0.0,0.0,0.0,0.0
29,ROI_59,ROI_31,0.0,0.0,0.0,0.0
29,ROI_60,ROI_1,0.0,0.0,0.0,0.0
29,ROI_60,ROI_3,0.0,0.0,0.0,0.0
29,ROI_60,ROI_62,0.0,0.0,0.0,0.0
29,ROI_60,ROI_46,0.0,0.0,0.0,0.0
29,ROI_60,ROI_34,0.0,0.0,0.0,0.0
29,ROI_60,ROI_35,0.0,0.0,0.0,0.0
29,ROI_60,ROI_36,0.0,0.0,0.0,0.0
29,ROI_60,ROI_37,0.0,0.0,0.0,0.0
29,ROI_60,ROI_38,0.0,0.0,0.0,0.0
29,ROI_60,ROI_39,0.0,0.0,0.0,0.0
29,ROI_60,ROI_40,0.0,0.0,0.0,0.0
29,ROI_60,ROI_41,0.0,0.0,0.0,0.0
29,ROI_60,ROI_42,0.0,0.0,0.0,0.0
29,ROI_60,ROI_43,0.0,0.0,0.0,0.0
29,ROI_60,ROI_44,0.0,0.0,0.0,0.0
29,ROI_60,ROI_45,0.0,0.0,0.0,0.0
29,ROI_60,ROI_48,0.0,0.0,0.0,0.0
29,ROI_60,ROI_4,0.0,0.0,0.0,0.0
29,ROI_60,ROI_49,0.0,0.0,0.0,0.0
29,ROI_60,ROI_50,0.0,0.0,0.0,0.0
29,ROI_60,ROI_51,0.0,0.0,0.0,0.0
29,ROI_60,ROI_52,0.0,0.0,0.0,0.0
29,ROI_60,ROI_53,0.0,0.0,0.0,0.0
29,ROI_60,ROI_54,0.0,0.0,0.0,0.0
29,ROI_60,ROI_55,0.0,0.0,0.0,0.0
29,ROI_60,ROI_57,0.0,0.0,0.0,0.0
29,ROI_60,ROI_58,0.0,0.0,0.0,0.0
29,ROI_60,ROI_59,0.0,0.0,0.0,0.0
29,ROI_60,ROI_60,0.0,0.0,0.0,0.0
29,ROI_60,ROI_61,0.0,0.0,0.0,0.0
29,ROI_60,ROI_33,0.0,0.0,0.0,0.0
29,ROI_60,ROI_32,0.0,0.0,0.0,0.0
29,ROI_60,ROI_31,0.0,0.0,0.0,0.0
29,ROI_60,ROI_30,0.0,0.0,0.0,0.0
29,ROI_60,ROI_5,0.0,0.0,0.0,0.0
29,ROI_60,ROI_6,0.0,0.0,0.0,0.0
29,ROI_60,ROI_7,0.0,0.0,0.0,0.0
29,ROI_60,ROI_8,0.0,0.0,0.0,0.0
29,ROI_60,ROI_9,0.0,0.0,0.0,0.0
29,ROI_60,ROI_10,0.0,0.0,0.0,0.0
29,ROI_60,ROI_11,0.0,0.0,0.0,0.0
29,ROI_60,ROI_12,0.0,0.0,0.0,0.0
29,ROI_60,ROI_13,0.0,0.0,0.0,0.0
29,ROI_60,ROI_14,0.0,0.0,0.0,0.0
29,ROI_60,ROI_15,0.0,0.0,0.0,0.0
29,ROI_60,ROI_16,0.0,0.0,0.0,0.0
29,ROI_60,ROI_17,0.0,0.0,0.0,0.0
29,ROI_60,ROI_18,0.0,0.0,0.0,0.0
29,ROI_60,ROI_19,0.0,0.0,0.0,0.0
29,ROI_60,ROI_20,0.0,0.0,0.0,0.0
29,ROI_60,ROI_21,0.0,0.0,0.0,0.0
29,ROI_60,ROI_22,0.0,0.0,0.0,0.0
29,ROI_60,ROI_23,0.0,0.0,0.0,0.0
29,ROI_60,ROI_24,0.0,0.0,0.0,0.0
29,ROI_60,ROI_25,0.0,0.0,0.0,0.0
29,ROI_60,ROI_26,0.0,0.0,0.0,0.0
29,ROI_60,ROI_27,0.0,0.0,0.0,0.0
29,ROI_60,ROI_28,0.0,0.0,0.0,0.0
29,ROI_60,ROI_29,0.0,0.0,0.0,0.0
29,ROI_55,ROI_7,0.0,0.0,0.0,0.0
29,ROI_55,ROI_6,0.0,0.0,0.0,0.0
29,ROI_55,ROI_5,0.0,0.0,0.0,0.0
29,ROI_49,ROI_60,0.0,0.0,0.0,0.0
29,ROI_49,ROI_47,0.0,0.0,0.0,0.0
29,ROI_49,ROI_48,0.0,0.0,0.0,0.0
29,ROI_49,ROI_49,0.0,0.0,0.0,0.0
29,ROI_49,ROI_50,0.0,0.0,0.0,0.0
29,ROI_49,ROI_51,0.0,0.0,0.0,0.0
29,ROI_49,ROI_53,0.0,0.0,0.0,0.0
29,ROI_49,ROI_54,0.0,0.0,0.0,0.0
29,ROI_49,ROI_55,0.0,0.0,0.0,0.0
29,ROI_49,ROI_56,0.0,0.0,0.0,0.0
29,ROI_49,ROI_57,0.0,0.0,0.0,0.0
29,ROI_49,ROI_58,0.0,0.0,0.0,0.0
29,ROI_49,ROI_59,0.0,0.0,0.0,0.0
29,ROI_49,ROI_61,0.0,0.0,0.0,0.0
29,ROI_50,ROI_13,0.0,0.0,0.0,0.0
29,ROI_49,ROI_62,0.0,0.0,0.0,0.0
29,ROI_50,ROI_1,0.0,0.0,0.0,0.0
29,ROI_50,ROI_2,0.0,0.0,0.0,0.0
29,ROI_50,ROI_3,0.0,0.0,0.0,0.0
29,ROI_50,ROI_4,0.0,0.0,0.0,0.0
29,ROI_50,ROI_5,0.0,0.0,0.0,0.0
29,ROI_50,ROI_6,0.0,0.0,0.0,0.0
29,ROI_50,ROI_7,0.0,0.0,0.0,0.0
29,ROI_50,ROI_8,0.0,0.0,0.0,0.0
29,ROI_50,ROI_9,0.0,0.0,0.0,0.0
29,ROI_50,ROI_10,0.0,0.0,0.0,0.0
29,ROI_50,ROI_11,0.0,0.0,0.0,0.0
29,ROI_49,ROI_46,0.0,0.0,0.0,0.0
29,ROI_49,ROI_45,0.0,0.0,0.0,0.0
29,ROI_49,ROI_44,0.0,0.0,0.0,0.0
29,ROI_49,ROI_42,0.0,0.0,0.0,0.0
29,ROI_49,ROI_16,0.0,0.0,0.0,0.0
29,ROI_49,ROI_17,0.0,0.0,0.0,0.0
29,ROI_49,ROI_18,0.0,0.0,0.0,0.0
29,ROI_49,ROI_19,0.0,0.0,0.0,0.0
29,ROI_49,ROI_20,0.0,0.0,0.0,0.0
29,ROI_49,ROI_21,0.0,0.0,0.0,0.0
29,ROI_49,ROI_22,0.0,0.0,0.0,0.0
29,ROI_49,ROI_24,0.0,0.0,0.0,0.0
29,ROI_49,ROI_25,0.0,0.0,0.0,0.0
29,ROI_49,ROI_26,0.0,0.0,0.0,0.0
29,ROI_49,ROI_27,0.0,0.0,0.0,0.0
29,ROI_49,ROI_28,0.0,0.0,0.0,0.0
29,ROI_49,ROI_29,0.0,0.0,0.0,0.0
29,ROI_49,ROI_30,0.0,0.0,0.0,0.0
29,ROI_49,ROI_31,0.0,0.0,0.0,0.0
29,ROI_49,ROI_32,0.0,0.0,0.0,0.0
29,ROI_49,ROI_33,0.0,0.0,0.0,0.0
29,ROI_49,ROI_34,0.0,0.0,0.0,0.0
29,ROI_49,ROI_35,0.0,0.0,0.0,0.0
29,ROI_49,ROI_36,0.0,0.0,0.0,0.0
29,ROI_49,ROI_37,0.0,0.0,0.0,0.0
29,ROI_49,ROI_38,0.0,0.0,0.0,0.0
29,ROI_49,ROI_39,0.0,0.0,0.0,0.0
29,ROI_49,ROI_40,0.0,0.0,0.0,0.0
29,ROI_49,ROI_41,0.0,0.0,0.0,0.0
29,ROI_50,ROI_12,0.0,0.0,0.0,0.0
29,ROI_50,ROI_14,0.0,0.0,0.0,0.0
29,ROI_49,ROI_14,0.0,0.0,0.0,0.0
29,ROI_50,ROI_57,0.0,0.0,0.0,0.0
29,ROI_50,ROI_45,0.0,0.0,0.0,0.0
29,ROI_50,ROI_46,0.0,0.0,0.0,0.0
29,ROI_50,ROI_47,0.0,0.0,0.0,0.0
29,ROI_50,ROI_48,0.0,0.0,0.0,0.0
29,ROI_50,ROI_49,0.0,0.0,0.0,0.0
29,ROI_50,ROI_50,0.0,0.0,0.0,0.0
29,ROI_50,ROI_51,0.0,0.0,0.0,0.0
29,ROI_50,ROI_52,0.0,0.0,0.0,0.0
29,ROI_50,ROI_53,0.0,0.0,0.0,0.0
29,ROI_50,ROI_54,0.0,0.0,0.0,0.0
29,ROI_50,ROI_55,0.0,0.0,0.0,0.0
29,ROI_50,ROI_56,0.0,0.0,0.0,0.0
29,ROI_50,ROI_58,0.0,0.0,0.0,0.0
29,ROI_50,ROI_15,0.0,0.0,0.0,0.0
29,ROI_50,ROI_59,0.0,0.0,0.0,0.0
29,ROI_50,ROI_60,0.0,0.0,0.0,0.0
29,ROI_50,ROI_61,0.0,0.0,0.0,0.0
29,ROI_50,ROI_62,0.0,0.0,0.0,0.0
29,ROI_51,ROI_1,0.0,0.0,0.0,0.0
29,ROI_51,ROI_2,0.0,0.0,0.0,0.0
29,ROI_51,ROI_3,0.0,0.0,0.0,0.0
29,ROI_51,ROI_4,0.0,0.0,0.0,0.0
29,ROI_51,ROI_5,0.0,0.0,0.0,0.0
29,ROI_51,ROI_6,0.0,0.0,0.0,0.0
29,ROI_51,ROI_7,0.0,0.0,0.0,0.0
29,ROI_51,ROI_8,0.0,0.0,0.0,0.0
29,ROI_50,ROI_44,0.0,0.0,0.0,0.0
29,ROI_50,ROI_43,0.0,0.0,0.0,0.0
29,ROI_50,ROI_42,0.0,0.0,0.0,0.0
29,ROI_50,ROI_41,0.0,0.0,0.0,0.0
29,ROI_50,ROI_16,0.0,0.0,0.0,0.0
29,ROI_50,ROI_17,0.0,0.0,0.0,0.0
29,ROI_50,ROI_18,0.0,0.0,0.0,0.0
29,ROI_50,ROI_19,0.0,0.0,0.0,0.0
29,ROI_50,ROI_20,0.0,0.0,0.0,0.0
29,ROI_50,ROI_21,0.0,0.0,0.0,0.0
29,ROI_50,ROI_22,0.0,0.0,0.0,0.0
29,ROI_50,ROI_23,0.0,0.0,0.0,0.0
29,ROI_50,ROI_24,0.0,0.0,0.0,0.0
29,ROI_50,ROI_25,0.0,0.0,0.0,0.0
29,ROI_50,ROI_26,0.0,0.0,0.0,0.0
29,ROI_50,ROI_27,0.0,0.0,0.0,0.0
29,ROI_50,ROI_28,0.0,0.0,0.0,0.0
29,ROI_50,ROI_29,0.0,0.0,0.0,0.0
29,ROI_50,ROI_30,0.0,0.0,0.0,0.0
29,ROI_50,ROI_31,0.0,0.0,0.0,0.0
29,ROI_50,ROI_32,0.0,0.0,0.0,0.0
29,ROI_50,ROI_33,0.0,0.0,0.0,0.0
29,ROI_50,ROI_34,0.0,0.0,0.0,0.0
29,ROI_50,ROI_35,0.0,0.0,0.0,0.0
29,ROI_50,ROI_36,0.0,0.0,0.0,0.0
29,ROI_50,ROI_37,0.0,0.0,0.0,0.0
29,ROI_50,ROI_38,0.0,0.0,0.0,0.0
29,ROI_50,ROI_39,0.0,0.0,0.0,0.0
29,ROI_50,ROI_40,0.0,0.0,0.0,0.0
29,ROI_49,ROI_15,0.0,0.0,0.0,0.0
29,ROI_49,ROI_13,0.0,0.0,0.0,0.0
29,ROI_55,ROI_4,0.0,0.0,0.0,0.0
29,ROI_48,ROI_1,0.0,0.0,0.0,0.0
29,ROI_47,ROI_50,0.0,0.0,0.0,0.0
29,ROI_47,ROI_51,0.0,0.0,0.0,0.0
29,ROI_47,ROI_52,0.0,0.0,0.0,0.0
29,ROI_47,ROI_53,0.0,0.0,0.0,0.0
29,ROI_47,ROI_55,0.0,0.0,0.0,0.0
29,ROI_47,ROI_56,0.0,0.0,0.0,0.0
29,ROI_47,ROI_57,0.0,0.0,0.0,0.0
29,ROI_47,ROI_58,0.0,0.0,0.0,0.0
29,ROI_47,ROI_59,0.0,0.0,0.0,0.0
29,ROI_32,ROI_53,0.0,0.0,0.0,0.0
29,ROI_47,ROI_61,0.0,0.0,0.0,0.0
29,ROI_47,ROI_62,0.0,0.0,0.0,0.0
29,ROI_48,ROI_2,0.0,0.0,0.0,0.0
29,ROI_48,ROI_16,0.0,0.0,0.0,0.0
29,ROI_48,ROI_3,0.0,0.0,0.0,0.0
29,ROI_48,ROI_4,0.0,0.0,0.0,0.0
29,ROI_48,ROI_5,0.0,0.0,0.0,0.0
29,ROI_48,ROI_6,0.0,0.0,0.0,0.0
29,ROI_48,ROI_7,0.0,0.0,0.0,0.0
29,ROI_48,ROI_8,0.0,0.0,0.0,0.0
29,ROI_48,ROI_9,0.0,0.0,0.0,0.0
29,ROI_48,ROI_10,0.0,0.0,0.0,0.0
29,ROI_48,ROI_11,0.0,0.0,0.0,0.0
29,ROI_48,ROI_12,0.0,0.0,0.0,0.0
29,ROI_48,ROI_13,0.0,0.0,0.0,0.0
29,ROI_48,ROI_14,0.0,0.0,0.0,0.0
29,ROI_47,ROI_49,0.0,0.0,0.0,0.0
29,ROI_47,ROI_48,0.0,0.0,0.0,0.0
29,ROI_47,ROI_47,0.0,0.0,0.0,0.0
29,ROI_47,ROI_46,0.0,0.0,0.0,0.0
29,ROI_47,ROI_20,0.0,0.0,0.0,0.0
29,ROI_47,ROI_21,0.0,0.0,0.0,0.0
29,ROI_47,ROI_22,0.0,0.0,0.0,0.0
29,ROI_47,ROI_23,0.0,0.0,0.0,0.0
29,ROI_47,ROI_24,0.0,0.0,0.0,0.0
29,ROI_47,ROI_25,0.0,0.0,0.0,0.0
29,ROI_47,ROI_26,0.0,0.0,0.0,0.0
29,ROI_47,ROI_27,0.0,0.0,0.0,0.0
29,ROI_47,ROI_28,0.0,0.0,0.0,0.0
29,ROI_47,ROI_29,0.0,0.0,0.0,0.0
29,ROI_47,ROI_30,0.0,0.0,0.0,0.0
29,ROI_47,ROI_31,0.0,0.0,0.0,0.0
29,ROI_47,ROI_32,0.0,0.0,0.0,0.0
29,ROI_47,ROI_33,0.0,0.0,0.0,0.0
29,ROI_47,ROI_34,0.0,0.0,0.0,0.0
29,ROI_47,ROI_35,0.0,0.0,0.0,0.0
29,ROI_47,ROI_36,0.0,0.0,0.0,0.0
29,ROI_47,ROI_38,0.0,0.0,0.0,0.0
29,ROI_47,ROI_39,0.0,0.0,0.0,0.0
29,ROI_47,ROI_40,0.0,0.0,0.0,0.0
29,ROI_47,ROI_41,0.0,0.0,0.0,0.0
29,ROI_47,ROI_42,0.0,0.0,0.0,0.0
29,ROI_47,ROI_43,0.0,0.0,0.0,0.0
29,ROI_47,ROI_44,0.0,0.0,0.0,0.0
29,ROI_47,ROI_45,0.0,0.0,0.0,0.0
29,ROI_48,ROI_15,0.0,0.0,0.0,0.0
29,ROI_48,ROI_17,0.0,0.0,0.0,0.0
29,ROI_49,ROI_12,0.0,0.0,0.0,0.0
29,ROI_48,ROI_60,0.0,0.0,0.0,0.0
29,ROI_48,ROI_48,0.0,0.0,0.0,0.0
29,ROI_48,ROI_49,0.0,0.0,0.0,0.0
29,ROI_48,ROI_50,0.0,0.0,0.0,0.0
29,ROI_48,ROI_51,0.0,0.0,0.0,0.0
29,ROI_48,ROI_52,0.0,0.0,0.0,0.0
29,ROI_48,ROI_53,0.0,0.0,0.0,0.0
29,ROI_48,ROI_54,0.0,0.0,0.0,0.0
29,ROI_48,ROI_55,0.0,0.0,0.0,0.0
29,ROI_48,ROI_56,0.0,0.0,0.0,0.0
29,ROI_48,ROI_57,0.0,0.0,0.0,0.0
29,ROI_48,ROI_58,0.0,0.0,0.0,0.0
29,ROI_48,ROI_59,0.0,0.0,0.0,0.0
29,ROI_48,ROI_61,0.0,0.0,0.0,0.0
29,ROI_48,ROI_18,0.0,0.0,0.0,0.0
29,ROI_48,ROI_62,0.0,0.0,0.0,0.0
29,ROI_49,ROI_1,0.0,0.0,0.0,0.0
29,ROI_49,ROI_2,0.0,0.0,0.0,0.0
29,ROI_49,ROI_3,0.0,0.0,0.0,0.0
29,ROI_49,ROI_4,0.0,0.0,0.0,0.0
29,ROI_49,ROI_5,0.0,0.0,0.0,0.0
29,ROI_49,ROI_6,0.0,0.0,0.0,0.0
29,ROI_49,ROI_7,0.0,0.0,0.0,0.0
29,ROI_49,ROI_8,0.0,0.0,0.0,0.0
29,ROI_49,ROI_9,0.0,0.0,0.0,0.0
29,ROI_49,ROI_10,0.0,0.0,0.0,0.0
29,ROI_49,ROI_11,0.0,0.0,0.0,0.0
29,ROI_48,ROI_47,0.0,0.0,0.0,0.0
29,ROI_48,ROI_46,0.0,0.0,0.0,0.0
29,ROI_48,ROI_45,0.0,0.0,0.0,0.0
29,ROI_48,ROI_44,0.0,0.0,0.0,0.0
29,ROI_48,ROI_19,0.0,0.0,0.0,0.0
29,ROI_48,ROI_20,0.0,0.0,0.0,0.0
29,ROI_48,ROI_21,0.0,0.0,0.0,0.0
29,ROI_48,ROI_22,0.0,0.0,0.0,0.0
29,ROI_48,ROI_23,0.0,0.0,0.0,0.0
29,ROI_48,ROI_24,0.0,0.0,0.0,0.0
29,ROI_48,ROI_25,0.0,0.0,0.0,0.0
29,ROI_48,ROI_26,0.0,0.0,0.0,0.0
29,ROI_48,ROI_27,0.0,0.0,0.0,0.0
29,ROI_48,ROI_28,0.0,0.0,0.0,0.0
29,ROI_48,ROI_29,0.0,0.0,0.0,0.0
29,ROI_48,ROI_30,0.0,0.0,0.0,0.0
29,ROI_48,ROI_31,0.0,0.0,0.0,0.0
29,ROI_48,ROI_32,0.0,0.0,0.0,0.0
29,ROI_48,ROI_33,0.0,0.0,0.0,0.0
29,ROI_48,ROI_34,0.0,0.0,0.0,0.0
29,ROI_48,ROI_35,0.0,0.0,0.0,0.0
29,ROI_48,ROI_36,0.0,0.0,0.0,0.0
29,ROI_48,ROI_37,0.0,0.0,0.0,0.0
29,ROI_48,ROI_38,0.0,0.0,0.0,0.0
29,ROI_48,ROI_39,0.0,0.0,0.0,0.0
29,ROI_48,ROI_40,0.0,0.0,0.0,0.0
29,ROI_48,ROI_41,0.0,0.0,0.0,0.0
29,ROI_48,ROI_42,0.0,0.0,0.0,0.0
29,ROI_48,ROI_43,0.0,0.0,0.0,0.0
29,ROI_51,ROI_9,0.0,0.0,0.0,0.0
29,ROI_51,ROI_10,0.0,0.0,0.0,0.0
29,ROI_51,ROI_11,0.0,0.0,0.0,0.0
29,ROI_53,ROI_53,0.0,0.0,0.0,0.0
29,ROI_53,ROI_41,0.0,0.0,0.0,0.0
29,ROI_53,ROI_42,0.0,0.0,0.0,0.0
29,ROI_53,ROI_43,0.0,0.0,0.0,0.0
29,ROI_53,ROI_44,0.0,0.0,0.0,0.0
29,ROI_53,ROI_45,0.0,0.0,0.0,0.0
29,ROI_53,ROI_46,0.0,0.0,0.0,0.0
29,ROI_53,ROI_47,0.0,0.0,0.0,0.0
29,ROI_53,ROI_48,0.0,0.0,0.0,0.0
29,ROI_53,ROI_49,0.0,0.0,0.0,0.0
29,ROI_53,ROI_50,0.0,0.0,0.0,0.0
29,ROI_53,ROI_51,0.0,0.0,0.0,0.0
29,ROI_53,ROI_52,0.0,0.0,0.0,0.0
29,ROI_53,ROI_54,0.0,0.0,0.0,0.0
29,ROI_54,ROI_6,0.0,0.0,0.0,0.0
29,ROI_53,ROI_55,0.0,0.0,0.0,0.0
29,ROI_53,ROI_56,0.0,0.0,0.0,0.0
29,ROI_53,ROI_57,0.0,0.0,0.0,0.0
29,ROI_53,ROI_58,0.0,0.0,0.0,0.0
29,ROI_53,ROI_59,0.0,0.0,0.0,0.0
29,ROI_53,ROI_60,0.0,0.0,0.0,0.0
29,ROI_53,ROI_61,0.0,0.0,0.0,0.0
29,ROI_53,ROI_62,0.0,0.0,0.0,0.0
29,ROI_54,ROI_1,0.0,0.0,0.0,0.0
29,ROI_54,ROI_2,0.0,0.0,0.0,0.0
29,ROI_54,ROI_3,0.0,0.0,0.0,0.0
29,ROI_54,ROI_4,0.0,0.0,0.0,0.0
29,ROI_53,ROI_40,0.0,0.0,0.0,0.0
29,ROI_53,ROI_39,0.0,0.0,0.0,0.0
29,ROI_53,ROI_38,0.0,0.0,0.0,0.0
29,ROI_53,ROI_37,0.0,0.0,0.0,0.0
29,ROI_53,ROI_10,0.0,0.0,0.0,0.0
29,ROI_53,ROI_11,0.0,0.0,0.0,0.0
29,ROI_53,ROI_12,0.0,0.0,0.0,0.0
29,ROI_53,ROI_14,0.0,0.0,0.0,0.0
29,ROI_53,ROI_15,0.0,0.0,0.0,0.0
29,ROI_53,ROI_16,0.0,0.0,0.0,0.0
29,ROI_53,ROI_17,0.0,0.0,0.0,0.0
29,ROI_53,ROI_18,0.0,0.0,0.0,0.0
29,ROI_53,ROI_19,0.0,0.0,0.0,0.0
29,ROI_53,ROI_20,0.0,0.0,0.0,0.0
29,ROI_53,ROI_21,0.0,0.0,0.0,0.0
29,ROI_53,ROI_22,0.0,0.0,0.0,0.0
29,ROI_53,ROI_23,0.0,0.0,0.0,0.0
29,ROI_53,ROI_24,0.0,0.0,0.0,0.0
29,ROI_53,ROI_25,0.0,0.0,0.0,0.0
29,ROI_53,ROI_26,0.0,0.0,0.0,0.0
29,ROI_53,ROI_27,0.0,0.0,0.0,0.0
29,ROI_53,ROI_28,0.0,0.0,0.0,0.0
29,ROI_53,ROI_29,0.0,0.0,0.0,0.0
29,ROI_53,ROI_31,0.0,0.0,0.0,0.0
29,ROI_53,ROI_32,0.0,0.0,0.0,0.0
29,ROI_53,ROI_33,0.0,0.0,0.0,0.0
29,ROI_53,ROI_34,0.0,0.0,0.0,0.0
29,ROI_53,ROI_35,0.0,0.0,0.0,0.0
29,ROI_53,ROI_36,0.0,0.0,0.0,0.0
29,ROI_54,ROI_5,0.0,0.0,0.0,0.0
29,ROI_54,ROI_7,0.0,0.0,0.0,0.0
29,ROI_51,ROI_12,0.0,0.0,0.0,0.0
29,ROI_54,ROI_50,0.0,0.0,0.0,0.0
29,ROI_54,ROI_38,0.0,0.0,0.0,0.0
29,ROI_54,ROI_39,0.0,0.0,0.0,0.0
29,ROI_54,ROI_40,0.0,0.0,0.0,0.0
29,ROI_54,ROI_41,0.0,0.0,0.0,0.0
29,ROI_54,ROI_42,0.0,0.0,0.0,0.0
29,ROI_54,ROI_43,0.0,0.0,0.0,0.0
29,ROI_54,ROI_44,0.0,0.0,0.0,0.0
29,ROI_54,ROI_45,0.0,0.0,0.0,0.0
29,ROI_54,ROI_46,0.0,0.0,0.0,0.0
29,ROI_54,ROI_47,0.0,0.0,0.0,0.0
29,ROI_54,ROI_48,0.0,0.0,0.0,0.0
29,ROI_54,ROI_49,0.0,0.0,0.0,0.0
29,ROI_54,ROI_51,0.0,0.0,0.0,0.0
29,ROI_54,ROI_8,0.0,0.0,0.0,0.0
29,ROI_54,ROI_52,0.0,0.0,0.0,0.0
29,ROI_54,ROI_53,0.0,0.0,0.0,0.0
29,ROI_54,ROI_55,0.0,0.0,0.0,0.0
29,ROI_54,ROI_56,0.0,0.0,0.0,0.0
29,ROI_54,ROI_57,0.0,0.0,0.0,0.0
29,ROI_54,ROI_58,0.0,0.0,0.0,0.0
29,ROI_54,ROI_59,0.0,0.0,0.0,0.0
29,ROI_54,ROI_60,0.0,0.0,0.0,0.0
29,ROI_54,ROI_61,0.0,0.0,0.0,0.0
29,ROI_54,ROI_62,0.0,0.0,0.0,0.0
29,ROI_55,ROI_2,0.0,0.0,0.0,0.0
29,ROI_55,ROI_3,0.0,0.0,0.0,0.0
29,ROI_54,ROI_37,0.0,0.0,0.0,0.0
29,ROI_54,ROI_36,0.0,0.0,0.0,0.0
29,ROI_54,ROI_35,0.0,0.0,0.0,0.0
29,ROI_54,ROI_34,0.0,0.0,0.0,0.0
29,ROI_54,ROI_9,0.0,0.0,0.0,0.0
29,ROI_54,ROI_10,0.0,0.0,0.0,0.0
29,ROI_54,ROI_11,0.0,0.0,0.0,0.0
29,ROI_54,ROI_12,0.0,0.0,0.0,0.0
29,ROI_54,ROI_13,0.0,0.0,0.0,0.0
29,ROI_54,ROI_14,0.0,0.0,0.0,0.0
29,ROI_54,ROI_15,0.0,0.0,0.0,0.0
29,ROI_54,ROI_16,0.0,0.0,0.0,0.0
29,ROI_54,ROI_17,0.0,0.0,0.0,0.0
29,ROI_54,ROI_18,0.0,0.0,0.0,0.0
29,ROI_54,ROI_19,0.0,0.0,0.0,0.0
29,ROI_54,ROI_20,0.0,0.0,0.0,0.0
29,ROI_54,ROI_21,0.0,0.0,0.0,0.0
29,ROI_54,ROI_22,0.0,0.0,0.0,0.0
29,ROI_54,ROI_23,0.0,0.0,0.0,0.0
29,ROI_54,ROI_24,0.0,0.0,0.0,0.0
29,ROI_54,ROI_25,0.0,0.0,0.0,0.0
29,ROI_54,ROI_26,0.0,0.0,0.0,0.0
29,ROI_54,ROI_27,0.0,0.0,0.0,0.0
29,ROI_54,ROI_28,0.0,0.0,0.0,0.0
29,ROI_54,ROI_29,0.0,0.0,0.0,0.0
29,ROI_54,ROI_30,0.0,0.0,0.0,0.0
29,ROI_54,ROI_31,0.0,0.0,0.0,0.0
29,ROI_54,ROI_32,0.0,0.0,0.0,0.0
29,ROI_54,ROI_33,0.0,0.0,0.0,0.0
29,ROI_53,ROI_9,0.0,0.0,0.0,0.0
29,ROI_53,ROI_8,0.0,0.0,0.0,0.0
29,ROI_53,ROI_7,0.0,0.0,0.0,0.0
29,ROI_51,ROI_56,0.0,0.0,0.0,0.0
29,ROI_51,ROI_43,0.0,0.0,0.0,0.0
29,ROI_51,ROI_44,0.0,0.0,0.0,0.0
29,ROI_51,ROI_45,0.0,0.0,0.0,0.0
29,ROI_51,ROI_46,0.0,0.0,0.0,0.0
29,ROI_51,ROI_47,0.0,0.0,0.0,0.0
29,ROI_51,ROI_49,0.0,0.0,0.0,0.0
29,ROI_51,ROI_50,0.0,0.0,0.0,0.0
29,ROI_51,ROI_51,0.0,0.0,0.0,0.0
29,ROI_51,ROI_52,0.0,0.0,0.0,0.0
29,ROI_51,ROI_53,0.0,0.0,0.0,0.0
29,ROI_51,ROI_54,0.0,0.0,0.0,0.0
29,ROI_51,ROI_55,0.0,0.0,0.0,0.0
29,ROI_51,ROI_57,0.0,0.0,0.0,0.0
29,ROI_53,ROI_6,0.0,0.0,0.0,0.0
29,ROI_51,ROI_58,0.0,0.0,0.0,0.0
29,ROI_51,ROI_59,0.0,0.0,0.0,0.0
29,ROI_51,ROI_60,0.0,0.0,0.0,0.0
29,ROI_51,ROI_61,0.0,0.0,0.0,0.0
29,ROI_51,ROI_62,0.0,0.0,0.0,0.0
29,ROI_52,ROI_1,0.0,0.0,0.0,0.0
29,ROI_52,ROI_2,0.0,0.0,0.0,0.0
29,ROI_52,ROI_3,0.0,0.0,0.0,0.0
29,ROI_52,ROI_4,0.0,0.0,0.0,0.0
29,ROI_52,ROI_5,0.0,0.0,0.0,0.0
29,ROI_52,ROI_6,0.0,0.0,0.0,0.0
29,ROI_52,ROI_7,0.0,0.0,0.0,0.0
29,ROI_51,ROI_42,0.0,0.0,0.0,0.0
29,ROI_51,ROI_41,0.0,0.0,0.0,0.0
29,ROI_51,ROI_40,0.0,0.0,0.0,0.0
29,ROI_51,ROI_39,0.0,0.0,0.0,0.0
29,ROI_51,ROI_13,0.0,0.0,0.0,0.0
29,ROI_51,ROI_14,0.0,0.0,0.0,0.0
29,ROI_51,ROI_15,0.0,0.0,0.0,0.0
29,ROI_51,ROI_16,0.0,0.0,0.0,0.0
29,ROI_51,ROI_17,0.0,0.0,0.0,0.0
29,ROI_51,ROI_18,0.0,0.0,0.0,0.0
29,ROI_51,ROI_20,0.0,0.0,0.0,0.0
29,ROI_51,ROI_21,0.0,0.0,0.0,0.0
29,ROI_51,ROI_22,0.0,0.0,0.0,0.0
29,ROI_51,ROI_23,0.0,0.0,0.0,0.0
29,ROI_51,ROI_24,0.0,0.0,0.0,0.0
29,ROI_51,ROI_25,0.0,0.0,0.0,0.0
29,ROI_51,ROI_26,0.0,0.0,0.0,0.0
29,ROI_51,ROI_27,0.0,0.0,0.0,0.0
29,ROI_51,ROI_28,0.0,0.0,0.0,0.0
29,ROI_51,ROI_29,0.0,0.0,0.0,0.0
29,ROI_51,ROI_30,0.0,0.0,0.0,0.0
29,ROI_51,ROI_31,0.0,0.0,0.0,0.0
29,ROI_51,ROI_32,0.0,0.0,0.0,0.0
29,ROI_51,ROI_33,0.0,0.0,0.0,0.0
29,ROI_51,ROI_34,0.0,0.0,0.0,0.0
29,ROI_51,ROI_35,0.0,0.0,0.0,0.0
29,ROI_51,ROI_36,0.0,0.0,0.0,0.0
29,ROI_51,ROI_37,0.0,0.0,0.0,0.0
29,ROI_51,ROI_38,0.0,0.0,0.0,0.0
29,ROI_52,ROI_8,0.0,0.0,0.0,0.0
29,ROI_52,ROI_9,0.0,0.0,0.0,0.0
29,ROI_52,ROI_10,0.0,0.0,0.0,0.0
29,ROI_52,ROI_40,0.0,0.0,0.0,0.0
29,ROI_52,ROI_42,0.0,0.0,0.0,0.0
29,ROI_52,ROI_43,0.0,0.0,0.0,0.0
29,ROI_52,ROI_44,0.0,0.0,0.0,0.0
29,ROI_52,ROI_45,0.0,0.0,0.0,0.0
29,ROI_52,ROI_46,0.0,0.0,0.0,0.0
29,ROI_52,ROI_47,0.0,0.0,0.0,0.0
29,ROI_52,ROI_48,0.0,0.0,0.0,0.0
29,ROI_52,ROI_50,0.0,0.0,0.0,0.0
29,ROI_52,ROI_51,0.0,0.0,0.0,0.0
29,ROI_52,ROI_52,0.0,0.0,0.0,0.0
29,ROI_52,ROI_53,0.0,0.0,0.0,0.0
29,ROI_52,ROI_54,0.0,0.0,0.0,0.0
29,ROI_52,ROI_55,0.0,0.0,0.0,0.0
29,ROI_52,ROI_56,0.0,0.0,0.0,0.0
29,ROI_52,ROI_57,0.0,0.0,0.0,0.0
29,ROI_52,ROI_58,0.0,0.0,0.0,0.0
29,ROI_52,ROI_59,0.0,0.0,0.0,0.0
29,ROI_52,ROI_60,0.0,0.0,0.0,0.0
29,ROI_52,ROI_61,0.0,0.0,0.0,0.0
29,ROI_52,ROI_62,0.0,0.0,0.0,0.0
29,ROI_53,ROI_1,0.0,0.0,0.0,0.0
29,ROI_53,ROI_2,0.0,0.0,0.0,0.0
29,ROI_53,ROI_3,0.0,0.0,0.0,0.0
29,ROI_53,ROI_4,0.0,0.0,0.0,0.0
29,ROI_53,ROI_5,0.0,0.0,0.0,0.0
29,ROI_52,ROI_41,0.0,0.0,0.0,0.0
29,ROI_52,ROI_39,0.0,0.0,0.0,0.0
29,ROI_52,ROI_11,0.0,0.0,0.0,0.0
29,ROI_52,ROI_38,0.0,0.0,0.0,0.0
29,ROI_52,ROI_12,0.0,0.0,0.0,0.0
29,ROI_52,ROI_13,0.0,0.0,0.0,0.0
29,ROI_52,ROI_14,0.0,0.0,0.0,0.0
29,ROI_52,ROI_15,0.0,0.0,0.0,0.0
29,ROI_52,ROI_16,0.0,0.0,0.0,0.0
29,ROI_52,ROI_17,0.0,0.0,0.0,0.0
29,ROI_52,ROI_18,0.0,0.0,0.0,0.0
29,ROI_52,ROI_19,0.0,0.0,0.0,0.0
29,ROI_52,ROI_20,0.0,0.0,0.0,0.0
29,ROI_52,ROI_21,0.0,0.0,0.0,0.0
29,ROI_52,ROI_22,0.0,0.0,0.0,0.0
29,ROI_52,ROI_23,0.0,0.0,0.0,0.0
29,ROI_52,ROI_24,0.0,0.0,0.0,0.0
29,ROI_52,ROI_26,0.0,0.0,0.0,0.0
29,ROI_52,ROI_27,0.0,0.0,0.0,0.0
29,ROI_52,ROI_28,0.0,0.0,0.0,0.0
29,ROI_52,ROI_29,0.0,0.0,0.0,0.0
29,ROI_52,ROI_30,0.0,0.0,0.0,0.0
29,ROI_52,ROI_31,0.0,0.0,0.0,0.0
29,ROI_52,ROI_32,0.0,0.0,0.0,0.0
29,ROI_52,ROI_33,0.0,0.0,0.0,0.0
29,ROI_52,ROI_34,0.0,0.0,0.0,0.0
29,ROI_52,ROI_35,0.0,0.0,0.0,0.0
29,ROI_52,ROI_36,0.0,0.0,0.0,0.0
29,ROI_52,ROI_37,0.0,0.0,0.0,0.0
29,ROI_32,ROI_54,0.0,0.0,0.0,0.0
29,ROI_32,ROI_1,0.0,0.0,0.0,0.0
29,ROI_32,ROI_52,0.0,0.0,0.0,0.0
29,ROI_11,ROI_50,0.0,0.0,0.0,0.0
29,ROI_11,ROI_37,0.0,0.0,0.0,0.0
29,ROI_11,ROI_38,0.0,0.0,0.0,0.0
29,ROI_11,ROI_39,0.0,0.0,0.0,0.0
29,ROI_11,ROI_40,0.0,0.0,0.0,0.0
29,ROI_11,ROI_41,0.0,0.0,0.0,0.0
29,ROI_11,ROI_42,0.0,0.0,0.0,0.0
29,ROI_11,ROI_43,0.0,0.0,0.0,0.0
29,ROI_11,ROI_44,0.0,0.0,0.0,0.0
29,ROI_11,ROI_45,0.0,0.0,0.0,0.0
29,ROI_11,ROI_46,0.0,0.0,0.0,0.0
29,ROI_11,ROI_47,0.0,0.0,0.0,0.0
29,ROI_11,ROI_49,0.0,0.0,0.0,0.0
29,ROI_11,ROI_51,0.0,0.0,0.0,0.0
29,ROI_11,ROI_4,0.0,0.0,0.0,0.0
29,ROI_11,ROI_52,0.0,0.0,0.0,0.0
29,ROI_11,ROI_53,0.0,0.0,0.0,0.0
29,ROI_11,ROI_54,0.0,0.0,0.0,0.0
29,ROI_11,ROI_55,0.0,0.0,0.0,0.0
29,ROI_11,ROI_56,0.0,0.0,0.0,0.0
29,ROI_11,ROI_57,0.0,0.0,0.0,0.0
29,ROI_11,ROI_58,0.0,0.0,0.0,0.0
29,ROI_11,ROI_59,0.0,0.0,0.0,0.0
29,ROI_11,ROI_61,0.0,0.0,0.0,0.0
29,ROI_11,ROI_62,0.0,0.0,0.0,0.0
29,ROI_12,ROI_1,0.0,0.0,0.0,0.0
29,ROI_12,ROI_2,0.0,0.0,0.0,0.0
29,ROI_11,ROI_36,0.0,0.0,0.0,0.0
29,ROI_11,ROI_35,0.0,0.0,0.0,0.0
29,ROI_11,ROI_34,0.0,0.0,0.0,0.0
29,ROI_11,ROI_33,0.0,0.0,0.0,0.0
29,ROI_11,ROI_6,0.0,0.0,0.0,0.0
29,ROI_11,ROI_7,0.0,0.0,0.0,0.0
29,ROI_11,ROI_8,0.0,0.0,0.0,0.0
29,ROI_11,ROI_9,0.0,0.0,0.0,0.0
29,ROI_11,ROI_10,0.0,0.0,0.0,0.0
29,ROI_11,ROI_11,0.0,0.0,0.0,0.0
29,ROI_11,ROI_12,0.0,0.0,0.0,0.0
29,ROI_11,ROI_13,0.0,0.0,0.0,0.0
29,ROI_11,ROI_14,0.0,0.0,0.0,0.0
29,ROI_11,ROI_15,0.0,0.0,0.0,0.0
29,ROI_11,ROI_16,0.0,0.0,0.0,0.0
29,ROI_11,ROI_17,0.0,0.0,0.0,0.0
29,ROI_11,ROI_18,0.0,0.0,0.0,0.0
29,ROI_11,ROI_19,0.0,0.0,0.0,0.0
29,ROI_11,ROI_20,0.0,0.0,0.0,0.0
29,ROI_11,ROI_21,0.0,0.0,0.0,0.0
29,ROI_11,ROI_23,0.0,0.0,0.0,0.0
29,ROI_11,ROI_25,0.0,0.0,0.0,0.0
29,ROI_11,ROI_26,0.0,0.0,0.0,0.0
29,ROI_11,ROI_27,0.0,0.0,0.0,0.0
29,ROI_11,ROI_28,0.0,0.0,0.0,0.0
29,ROI_11,ROI_29,0.0,0.0,0.0,0.0
29,ROI_11,ROI_30,0.0,0.0,0.0,0.0
29,ROI_11,ROI_31,0.0,0.0,0.0,0.0
29,ROI_11,ROI_32,0.0,0.0,0.0,0.0
29,ROI_12,ROI_3,0.0,0.0,0.0,0.0
29,ROI_12,ROI_4,0.0,0.0,0.0,0.0
29,ROI_12,ROI_5,0.0,0.0,0.0,0.0
29,ROI_12,ROI_37,0.0,0.0,0.0,0.0
29,ROI_12,ROI_40,0.0,0.0,0.0,0.0
29,ROI_12,ROI_41,0.0,0.0,0.0,0.0
29,ROI_12,ROI_42,0.0,0.0,0.0,0.0
29,ROI_12,ROI_43,0.0,0.0,0.0,0.0
29,ROI_12,ROI_44,0.0,0.0,0.0,0.0
29,ROI_12,ROI_45,0.0,0.0,0.0,0.0
29,ROI_12,ROI_46,0.0,0.0,0.0,0.0
29,ROI_12,ROI_47,0.0,0.0,0.0,0.0
29,ROI_12,ROI_48,0.0,0.0,0.0,0.0
29,ROI_12,ROI_49,0.0,0.0,0.0,0.0
29,ROI_12,ROI_50,0.0,0.0,0.0,0.0
29,ROI_12,ROI_51,0.0,0.0,0.0,0.0
29,ROI_12,ROI_52,0.0,0.0,0.0,0.0
29,ROI_12,ROI_53,0.0,0.0,0.0,0.0
29,ROI_12,ROI_54,0.0,0.0,0.0,0.0
29,ROI_12,ROI_55,0.0,0.0,0.0,0.0
29,ROI_12,ROI_56,0.0,0.0,0.0,0.0
29,ROI_12,ROI_57,0.0,0.0,0.0,0.0
29,ROI_12,ROI_58,0.0,0.0,0.0,0.0
29,ROI_12,ROI_59,0.0,0.0,0.0,0.0
29,ROI_12,ROI_60,0.0,0.0,0.0,0.0
29,ROI_12,ROI_61,0.0,0.0,0.0,0.0
29,ROI_12,ROI_62,0.0,0.0,0.0,0.0
29,ROI_13,ROI_1,0.0,0.0,0.0,0.0
29,ROI_13,ROI_2,0.0,0.0,0.0,0.0
29,ROI_12,ROI_38,0.0,0.0,0.0,0.0
29,ROI_12,ROI_36,0.0,0.0,0.0,0.0
29,ROI_12,ROI_6,0.0,0.0,0.0,0.0
29,ROI_12,ROI_35,0.0,0.0,0.0,0.0
29,ROI_12,ROI_7,0.0,0.0,0.0,0.0
29,ROI_12,ROI_9,0.0,0.0,0.0,0.0
29,ROI_12,ROI_10,0.0,0.0,0.0,0.0
29,ROI_12,ROI_11,0.0,0.0,0.0,0.0
29,ROI_12,ROI_12,0.0,0.0,0.0,0.0
29,ROI_12,ROI_13,0.0,0.0,0.0,0.0
29,ROI_12,ROI_14,0.0,0.0,0.0,0.0
29,ROI_12,ROI_15,0.0,0.0,0.0,0.0
29,ROI_12,ROI_16,0.0,0.0,0.0,0.0
29,ROI_12,ROI_17,0.0,0.0,0.0,0.0
29,ROI_12,ROI_18,0.0,0.0,0.0,0.0
29,ROI_12,ROI_20,0.0,0.0,0.0,0.0
29,ROI_12,ROI_21,0.0,0.0,0.0,0.0
29,ROI_12,ROI_22,0.0,0.0,0.0,0.0
29,ROI_12,ROI_23,0.0,0.0,0.0,0.0
29,ROI_12,ROI_24,0.0,0.0,0.0,0.0
29,ROI_12,ROI_26,0.0,0.0,0.0,0.0
29,ROI_12,ROI_27,0.0,0.0,0.0,0.0
29,ROI_12,ROI_28,0.0,0.0,0.0,0.0
29,ROI_12,ROI_29,0.0,0.0,0.0,0.0
29,ROI_12,ROI_30,0.0,0.0,0.0,0.0
29,ROI_12,ROI_31,0.0,0.0,0.0,0.0
29,ROI_12,ROI_32,0.0,0.0,0.0,0.0
29,ROI_12,ROI_33,0.0,0.0,0.0,0.0
29,ROI_12,ROI_34,0.0,0.0,0.0,0.0
29,ROI_11,ROI_5,0.0,0.0,0.0,0.0
29,ROI_11,ROI_3,0.0,0.0,0.0,0.0
29,ROI_13,ROI_4,0.0,0.0,0.0,0.0
29,ROI_9,ROI_50,0.0,0.0,0.0,0.0
29,ROI_9,ROI_38,0.0,0.0,0.0,0.0
29,ROI_9,ROI_39,0.0,0.0,0.0,0.0
29,ROI_9,ROI_40,0.0,0.0,0.0,0.0
29,ROI_9,ROI_41,0.0,0.0,0.0,0.0
29,ROI_9,ROI_42,0.0,0.0,0.0,0.0
29,ROI_9,ROI_43,0.0,0.0,0.0,0.0
29,ROI_9,ROI_44,0.0,0.0,0.0,0.0
29,ROI_9,ROI_45,0.0,0.0,0.0,0.0
29,ROI_9,ROI_46,0.0,0.0,0.0,0.0
29,ROI_9,ROI_47,0.0,0.0,0.0,0.0
29,ROI_9,ROI_48,0.0,0.0,0.0,0.0
29,ROI_9,ROI_49,0.0,0.0,0.0,0.0
29,ROI_9,ROI_51,0.0,0.0,0.0,0.0
29,ROI_11,ROI_2,0.0,0.0,0.0,0.0
29,ROI_9,ROI_52,0.0,0.0,0.0,0.0
29,ROI_9,ROI_53,0.0,0.0,0.0,0.0
29,ROI_9,ROI_54,0.0,0.0,0.0,0.0
29,ROI_9,ROI_55,0.0,0.0,0.0,0.0
29,ROI_9,ROI_57,0.0,0.0,0.0,0.0
29,ROI_9,ROI_58,0.0,0.0,0.0,0.0
29,ROI_9,ROI_59,0.0,0.0,0.0,0.0
29,ROI_9,ROI_60,0.0,0.0,0.0,0.0
29,ROI_9,ROI_61,0.0,0.0,0.0,0.0
29,ROI_9,ROI_62,0.0,0.0,0.0,0.0
29,ROI_10,ROI_1,0.0,0.0,0.0,0.0
29,ROI_10,ROI_2,0.0,0.0,0.0,0.0
29,ROI_9,ROI_37,0.0,0.0,0.0,0.0
29,ROI_9,ROI_36,0.0,0.0,0.0,0.0
29,ROI_9,ROI_34,0.0,0.0,0.0,0.0
29,ROI_9,ROI_33,0.0,0.0,0.0,0.0
29,ROI_9,ROI_6,0.0,0.0,0.0,0.0
29,ROI_9,ROI_7,0.0,0.0,0.0,0.0
29,ROI_9,ROI_8,0.0,0.0,0.0,0.0
29,ROI_9,ROI_9,0.0,0.0,0.0,0.0
29,ROI_9,ROI_10,0.0,0.0,0.0,0.0
29,ROI_9,ROI_11,0.0,0.0,0.0,0.0
29,ROI_9,ROI_13,0.0,0.0,0.0,0.0
29,ROI_9,ROI_14,0.0,0.0,0.0,0.0
29,ROI_9,ROI_15,0.0,0.0,0.0,0.0
29,ROI_9,ROI_16,0.0,0.0,0.0,0.0
29,ROI_9,ROI_17,0.0,0.0,0.0,0.0
29,ROI_9,ROI_18,0.0,0.0,0.0,0.0
29,ROI_9,ROI_19,0.0,0.0,0.0,0.0
29,ROI_9,ROI_20,0.0,0.0,0.0,0.0
29,ROI_9,ROI_21,0.0,0.0,0.0,0.0
29,ROI_9,ROI_22,0.0,0.0,0.0,0.0
29,ROI_9,ROI_23,0.0,0.0,0.0,0.0
29,ROI_9,ROI_25,0.0,0.0,0.0,0.0
29,ROI_9,ROI_26,0.0,0.0,0.0,0.0
29,ROI_9,ROI_27,0.0,0.0,0.0,0.0
29,ROI_9,ROI_28,0.0,0.0,0.0,0.0
29,ROI_9,ROI_29,0.0,0.0,0.0,0.0
29,ROI_9,ROI_30,0.0,0.0,0.0,0.0
29,ROI_9,ROI_31,0.0,0.0,0.0,0.0
29,ROI_9,ROI_32,0.0,0.0,0.0,0.0
29,ROI_10,ROI_3,0.0,0.0,0.0,0.0
29,ROI_10,ROI_4,0.0,0.0,0.0,0.0
29,ROI_10,ROI_5,0.0,0.0,0.0,0.0
29,ROI_10,ROI_35,0.0,0.0,0.0,0.0
29,ROI_10,ROI_37,0.0,0.0,0.0,0.0
29,ROI_10,ROI_38,0.0,0.0,0.0,0.0
29,ROI_10,ROI_39,0.0,0.0,0.0,0.0
29,ROI_10,ROI_40,0.0,0.0,0.0,0.0
29,ROI_10,ROI_41,0.0,0.0,0.0,0.0
29,ROI_10,ROI_42,0.0,0.0,0.0,0.0
29,ROI_10,ROI_43,0.0,0.0,0.0,0.0
29,ROI_10,ROI_44,0.0,0.0,0.0,0.0
29,ROI_10,ROI_45,0.0,0.0,0.0,0.0
29,ROI_10,ROI_46,0.0,0.0,0.0,0.0
29,ROI_10,ROI_47,0.0,0.0,0.0,0.0
29,ROI_10,ROI_48,0.0,0.0,0.0,0.0
29,ROI_10,ROI_49,0.0,0.0,0.0,0.0
29,ROI_10,ROI_50,0.0,0.0,0.0,0.0
29,ROI_10,ROI_51,0.0,0.0,0.0,0.0
29,ROI_10,ROI_52,0.0,0.0,0.0,0.0
29,ROI_10,ROI_53,0.0,0.0,0.0,0.0
29,ROI_10,ROI_54,0.0,0.0,0.0,0.0
29,ROI_10,ROI_55,0.0,0.0,0.0,0.0
29,ROI_10,ROI_57,0.0,0.0,0.0,0.0
29,ROI_10,ROI_59,0.0,0.0,0.0,0.0
29,ROI_10,ROI_60,0.0,0.0,0.0,0.0
29,ROI_10,ROI_61,0.0,0.0,0.0,0.0
29,ROI_10,ROI_62,0.0,0.0,0.0,0.0
29,ROI_11,ROI_1,0.0,0.0,0.0,0.0
29,ROI_10,ROI_36,0.0,0.0,0.0,0.0
29,ROI_10,ROI_34,0.0,0.0,0.0,0.0
29,ROI_10,ROI_6,0.0,0.0,0.0,0.0
29,ROI_10,ROI_33,0.0,0.0,0.0,0.0
29,ROI_10,ROI_7,0.0,0.0,0.0,0.0
29,ROI_10,ROI_8,0.0,0.0,0.0,0.0
29,ROI_10,ROI_9,0.0,0.0,0.0,0.0
29,ROI_10,ROI_10,0.0,0.0,0.0,0.0
29,ROI_10,ROI_11,0.0,0.0,0.0,0.0
29,ROI_10,ROI_12,0.0,0.0,0.0,0.0
29,ROI_10,ROI_13,0.0,0.0,0.0,0.0
29,ROI_10,ROI_14,0.0,0.0,0.0,0.0
29,ROI_10,ROI_15,0.0,0.0,0.0,0.0
29,ROI_10,ROI_16,0.0,0.0,0.0,0.0
29,ROI_10,ROI_17,0.0,0.0,0.0,0.0
29,ROI_10,ROI_18,0.0,0.0,0.0,0.0
29,ROI_10,ROI_19,0.0,0.0,0.0,0.0
29,ROI_10,ROI_20,0.0,0.0,0.0,0.0
29,ROI_10,ROI_21,0.0,0.0,0.0,0.0
29,ROI_10,ROI_22,0.0,0.0,0.0,0.0
29,ROI_10,ROI_24,0.0,0.0,0.0,0.0
29,ROI_10,ROI_25,0.0,0.0,0.0,0.0
29,ROI_10,ROI_26,0.0,0.0,0.0,0.0
29,ROI_10,ROI_27,0.0,0.0,0.0,0.0
29,ROI_10,ROI_28,0.0,0.0,0.0,0.0
29,ROI_10,ROI_29,0.0,0.0,0.0,0.0
29,ROI_10,ROI_30,0.0,0.0,0.0,0.0
29,ROI_10,ROI_31,0.0,0.0,0.0,0.0
29,ROI_10,ROI_32,0.0,0.0,0.0,0.0
29,ROI_13,ROI_3,0.0,0.0,0.0,0.0
29,ROI_13,ROI_5,0.0,0.0,0.0,0.0
29,ROI_16,ROI_59,0.0,0.0,0.0,0.0
29,ROI_15,ROI_46,0.0,0.0,0.0,0.0
29,ROI_15,ROI_34,0.0,0.0,0.0,0.0
29,ROI_15,ROI_35,0.0,0.0,0.0,0.0
29,ROI_15,ROI_36,0.0,0.0,0.0,0.0
29,ROI_15,ROI_37,0.0,0.0,0.0,0.0
29,ROI_15,ROI_38,0.0,0.0,0.0,0.0
29,ROI_15,ROI_39,0.0,0.0,0.0,0.0
29,ROI_15,ROI_40,0.0,0.0,0.0,0.0
29,ROI_15,ROI_41,0.0,0.0,0.0,0.0
29,ROI_15,ROI_42,0.0,0.0,0.0,0.0
29,ROI_15,ROI_43,0.0,0.0,0.0,0.0
29,ROI_15,ROI_44,0.0,0.0,0.0,0.0
29,ROI_15,ROI_45,0.0,0.0,0.0,0.0
29,ROI_15,ROI_47,0.0,0.0,0.0,0.0
29,ROI_15,ROI_3,0.0,0.0,0.0,0.0
29,ROI_15,ROI_48,0.0,0.0,0.0,0.0
29,ROI_15,ROI_49,0.0,0.0,0.0,0.0
29,ROI_15,ROI_50,0.0,0.0,0.0,0.0
29,ROI_15,ROI_51,0.0,0.0,0.0,0.0
29,ROI_15,ROI_52,0.0,0.0,0.0,0.0
29,ROI_15,ROI_53,0.0,0.0,0.0,0.0
29,ROI_15,ROI_54,0.0,0.0,0.0,0.0
29,ROI_15,ROI_55,0.0,0.0,0.0,0.0
29,ROI_15,ROI_56,0.0,0.0,0.0,0.0
29,ROI_15,ROI_58,0.0,0.0,0.0,0.0
29,ROI_15,ROI_60,0.0,0.0,0.0,0.0
29,ROI_15,ROI_61,0.0,0.0,0.0,0.0
29,ROI_15,ROI_33,0.0,0.0,0.0,0.0
29,ROI_15,ROI_32,0.0,0.0,0.0,0.0
29,ROI_15,ROI_31,0.0,0.0,0.0,0.0
29,ROI_15,ROI_30,0.0,0.0,0.0,0.0
29,ROI_15,ROI_5,0.0,0.0,0.0,0.0
29,ROI_15,ROI_6,0.0,0.0,0.0,0.0
29,ROI_15,ROI_7,0.0,0.0,0.0,0.0
29,ROI_15,ROI_8,0.0,0.0,0.0,0.0
29,ROI_15,ROI_9,0.0,0.0,0.0,0.0
29,ROI_15,ROI_10,0.0,0.0,0.0,0.0
29,ROI_15,ROI_11,0.0,0.0,0.0,0.0
29,ROI_15,ROI_12,0.0,0.0,0.0,0.0
29,ROI_15,ROI_13,0.0,0.0,0.0,0.0
29,ROI_15,ROI_14,0.0,0.0,0.0,0.0
29,ROI_15,ROI_15,0.0,0.0,0.0,0.0
29,ROI_15,ROI_16,0.0,0.0,0.0,0.0
29,ROI_15,ROI_17,0.0,0.0,0.0,0.0
29,ROI_15,ROI_18,0.0,0.0,0.0,0.0
29,ROI_15,ROI_19,0.0,0.0,0.0,0.0
29,ROI_15,ROI_20,0.0,0.0,0.0,0.0
29,ROI_15,ROI_21,0.0,0.0,0.0,0.0
29,ROI_15,ROI_22,0.0,0.0,0.0,0.0
29,ROI_15,ROI_23,0.0,0.0,0.0,0.0
29,ROI_15,ROI_24,0.0,0.0,0.0,0.0
29,ROI_15,ROI_25,0.0,0.0,0.0,0.0
29,ROI_15,ROI_26,0.0,0.0,0.0,0.0
29,ROI_15,ROI_27,0.0,0.0,0.0,0.0
29,ROI_15,ROI_28,0.0,0.0,0.0,0.0
29,ROI_15,ROI_29,0.0,0.0,0.0,0.0
29,ROI_15,ROI_62,0.0,0.0,0.0,0.0
29,ROI_16,ROI_1,0.0,0.0,0.0,0.0
29,ROI_16,ROI_2,0.0,0.0,0.0,0.0
29,ROI_16,ROI_31,0.0,0.0,0.0,0.0
29,ROI_16,ROI_33,0.0,0.0,0.0,0.0
29,ROI_16,ROI_34,0.0,0.0,0.0,0.0
29,ROI_16,ROI_35,0.0,0.0,0.0,0.0
29,ROI_16,ROI_36,0.0,0.0,0.0,0.0
29,ROI_16,ROI_37,0.0,0.0,0.0,0.0
29,ROI_16,ROI_38,0.0,0.0,0.0,0.0
29,ROI_16,ROI_39,0.0,0.0,0.0,0.0
29,ROI_16,ROI_40,0.0,0.0,0.0,0.0
29,ROI_16,ROI_41,0.0,0.0,0.0,0.0
29,ROI_16,ROI_42,0.0,0.0,0.0,0.0
29,ROI_16,ROI_43,0.0,0.0,0.0,0.0
29,ROI_16,ROI_44,0.0,0.0,0.0,0.0
29,ROI_16,ROI_45,0.0,0.0,0.0,0.0
29,ROI_16,ROI_46,0.0,0.0,0.0,0.0
29,ROI_16,ROI_47,0.0,0.0,0.0,0.0
29,ROI_16,ROI_48,0.0,0.0,0.0,0.0
29,ROI_16,ROI_49,0.0,0.0,0.0,0.0
29,ROI_16,ROI_50,0.0,0.0,0.0,0.0
29,ROI_16,ROI_51,0.0,0.0,0.0,0.0
29,ROI_16,ROI_52,0.0,0.0,0.0,0.0
29,ROI_16,ROI_53,0.0,0.0,0.0,0.0
29,ROI_16,ROI_54,0.0,0.0,0.0,0.0
29,ROI_16,ROI_55,0.0,0.0,0.0,0.0
29,ROI_16,ROI_56,0.0,0.0,0.0,0.0
29,ROI_16,ROI_57,0.0,0.0,0.0,0.0
29,ROI_16,ROI_32,0.0,0.0,0.0,0.0
29,ROI_16,ROI_30,0.0,0.0,0.0,0.0
29,ROI_16,ROI_3,0.0,0.0,0.0,0.0
29,ROI_16,ROI_29,0.0,0.0,0.0,0.0
29,ROI_16,ROI_4,0.0,0.0,0.0,0.0
29,ROI_16,ROI_5,0.0,0.0,0.0,0.0
29,ROI_16,ROI_6,0.0,0.0,0.0,0.0
29,ROI_16,ROI_7,0.0,0.0,0.0,0.0
29,ROI_16,ROI_8,0.0,0.0,0.0,0.0
29,ROI_16,ROI_9,0.0,0.0,0.0,0.0
29,ROI_16,ROI_10,0.0,0.0,0.0,0.0
29,ROI_16,ROI_11,0.0,0.0,0.0,0.0
29,ROI_16,ROI_12,0.0,0.0,0.0,0.0
29,ROI_16,ROI_13,0.0,0.0,0.0,0.0
29,ROI_16,ROI_14,0.0,0.0,0.0,0.0
29,ROI_16,ROI_15,0.0,0.0,0.0,0.0
29,ROI_16,ROI_16,0.0,0.0,0.0,0.0
29,ROI_16,ROI_17,0.0,0.0,0.0,0.0
29,ROI_16,ROI_18,0.0,0.0,0.0,0.0
29,ROI_16,ROI_19,0.0,0.0,0.0,0.0
29,ROI_16,ROI_20,0.0,0.0,0.0,0.0
29,ROI_16,ROI_21,0.0,0.0,0.0,0.0
29,ROI_16,ROI_22,0.0,0.0,0.0,0.0
29,ROI_16,ROI_23,0.0,0.0,0.0,0.0
29,ROI_16,ROI_24,0.0,0.0,0.0,0.0
29,ROI_16,ROI_25,0.0,0.0,0.0,0.0
29,ROI_16,ROI_26,0.0,0.0,0.0,0.0
29,ROI_16,ROI_27,0.0,0.0,0.0,0.0
29,ROI_16,ROI_28,0.0,0.0,0.0,0.0
29,ROI_15,ROI_4,0.0,0.0,0.0,0.0
29,ROI_15,ROI_2,0.0,0.0,0.0,0.0
29,ROI_13,ROI_6,0.0,0.0,0.0,0.0
29,ROI_13,ROI_49,0.0,0.0,0.0,0.0
29,ROI_13,ROI_37,0.0,0.0,0.0,0.0
29,ROI_13,ROI_38,0.0,0.0,0.0,0.0
29,ROI_13,ROI_39,0.0,0.0,0.0,0.0
29,ROI_13,ROI_40,0.0,0.0,0.0,0.0
29,ROI_13,ROI_41,0.0,0.0,0.0,0.0
29,ROI_13,ROI_42,0.0,0.0,0.0,0.0
29,ROI_13,ROI_43,0.0,0.0,0.0,0.0
29,ROI_13,ROI_44,0.0,0.0,0.0,0.0
29,ROI_13,ROI_45,0.0,0.0,0.0,0.0
29,ROI_13,ROI_46,0.0,0.0,0.0,0.0
29,ROI_13,ROI_47,0.0,0.0,0.0,0.0
29,ROI_13,ROI_48,0.0,0.0,0.0,0.0
29,ROI_13,ROI_50,0.0,0.0,0.0,0.0
29,ROI_15,ROI_1,0.0,0.0,0.0,0.0
29,ROI_13,ROI_51,0.0,0.0,0.0,0.0
29,ROI_13,ROI_52,0.0,0.0,0.0,0.0
29,ROI_13,ROI_53,0.0,0.0,0.0,0.0
29,ROI_13,ROI_54,0.0,0.0,0.0,0.0
29,ROI_13,ROI_55,0.0,0.0,0.0,0.0
29,ROI_13,ROI_56,0.0,0.0,0.0,0.0
29,ROI_13,ROI_57,0.0,0.0,0.0,0.0
29,ROI_13,ROI_58,0.0,0.0,0.0,0.0
29,ROI_13,ROI_59,0.0,0.0,0.0,0.0
29,ROI_13,ROI_60,0.0,0.0,0.0,0.0
29,ROI_13,ROI_61,0.0,0.0,0.0,0.0
29,ROI_13,ROI_62,0.0,0.0,0.0,0.0
29,ROI_13,ROI_36,0.0,0.0,0.0,0.0
29,ROI_13,ROI_35,0.0,0.0,0.0,0.0
29,ROI_13,ROI_34,0.0,0.0,0.0,0.0
29,ROI_13,ROI_33,0.0,0.0,0.0,0.0
29,ROI_13,ROI_7,0.0,0.0,0.0,0.0
29,ROI_13,ROI_8,0.0,0.0,0.0,0.0
29,ROI_13,ROI_9,0.0,0.0,0.0,0.0
29,ROI_13,ROI_10,0.0,0.0,0.0,0.0
29,ROI_13,ROI_11,0.0,0.0,0.0,0.0
29,ROI_13,ROI_12,0.0,0.0,0.0,0.0
29,ROI_13,ROI_13,0.0,0.0,0.0,0.0
29,ROI_13,ROI_14,0.0,0.0,0.0,0.0
29,ROI_13,ROI_15,0.0,0.0,0.0,0.0
29,ROI_13,ROI_16,0.0,0.0,0.0,0.0
29,ROI_13,ROI_17,0.0,0.0,0.0,0.0
29,ROI_13,ROI_18,0.0,0.0,0.0,0.0
29,ROI_13,ROI_19,0.0,0.0,0.0,0.0
29,ROI_13,ROI_20,0.0,0.0,0.0,0.0
29,ROI_13,ROI_21,0.0,0.0,0.0,0.0
29,ROI_13,ROI_22,0.0,0.0,0.0,0.0
29,ROI_13,ROI_23,0.0,0.0,0.0,0.0
29,ROI_13,ROI_24,0.0,0.0,0.0,0.0
29,ROI_13,ROI_25,0.0,0.0,0.0,0.0
29,ROI_13,ROI_26,0.0,0.0,0.0,0.0
29,ROI_13,ROI_27,0.0,0.0,0.0,0.0
29,ROI_13,ROI_28,0.0,0.0,0.0,0.0
29,ROI_13,ROI_29,0.0,0.0,0.0,0.0
29,ROI_13,ROI_30,0.0,0.0,0.0,0.0
29,ROI_13,ROI_32,0.0,0.0,0.0,0.0
29,ROI_14,ROI_1,0.0,0.0,0.0,0.0
29,ROI_14,ROI_2,0.0,0.0,0.0,0.0
29,ROI_14,ROI_3,0.0,0.0,0.0,0.0
29,ROI_14,ROI_34,0.0,0.0,0.0,0.0
29,ROI_14,ROI_36,0.0,0.0,0.0,0.0
29,ROI_14,ROI_37,0.0,0.0,0.0,0.0
29,ROI_14,ROI_38,0.0,0.0,0.0,0.0
29,ROI_14,ROI_39,0.0,0.0,0.0,0.0
29,ROI_14,ROI_41,0.0,0.0,0.0,0.0
29,ROI_14,ROI_42,0.0,0.0,0.0,0.0
29,ROI_14,ROI_43,0.0,0.0,0.0,0.0
29,ROI_14,ROI_44,0.0,0.0,0.0,0.0
29,ROI_14,ROI_45,0.0,0.0,0.0,0.0
29,ROI_14,ROI_46,0.0,0.0,0.0,0.0
29,ROI_14,ROI_47,0.0,0.0,0.0,0.0
29,ROI_14,ROI_48,0.0,0.0,0.0,0.0
29,ROI_14,ROI_49,0.0,0.0,0.0,0.0
29,ROI_14,ROI_50,0.0,0.0,0.0,0.0
29,ROI_14,ROI_51,0.0,0.0,0.0,0.0
29,ROI_14,ROI_52,0.0,0.0,0.0,0.0
29,ROI_14,ROI_53,0.0,0.0,0.0,0.0
29,ROI_14,ROI_54,0.0,0.0,0.0,0.0
29,ROI_14,ROI_55,0.0,0.0,0.0,0.0
29,ROI_14,ROI_56,0.0,0.0,0.0,0.0
29,ROI_14,ROI_57,0.0,0.0,0.0,0.0
29,ROI_14,ROI_59,0.0,0.0,0.0,0.0
29,ROI_14,ROI_60,0.0,0.0,0.0,0.0
29,ROI_14,ROI_61,0.0,0.0,0.0,0.0
29,ROI_14,ROI_62,0.0,0.0,0.0,0.0
29,ROI_14,ROI_35,0.0,0.0,0.0,0.0
29,ROI_14,ROI_33,0.0,0.0,0.0,0.0
29,ROI_14,ROI_4,0.0,0.0,0.0,0.0
29,ROI_14,ROI_32,0.0,0.0,0.0,0.0
29,ROI_14,ROI_5,0.0,0.0,0.0,0.0
29,ROI_14,ROI_6,0.0,0.0,0.0,0.0
29,ROI_14,ROI_7,0.0,0.0,0.0,0.0
29,ROI_14,ROI_8,0.0,0.0,0.0,0.0
29,ROI_14,ROI_9,0.0,0.0,0.0,0.0
29,ROI_14,ROI_10,0.0,0.0,0.0,0.0
29,ROI_14,ROI_11,0.0,0.0,0.0,0.0
29,ROI_14,ROI_12,0.0,0.0,0.0,0.0
29,ROI_14,ROI_13,0.0,0.0,0.0,0.0
29,ROI_14,ROI_15,0.0,0.0,0.0,0.0
29,ROI_14,ROI_16,0.0,0.0,0.0,0.0
29,ROI_14,ROI_17,0.0,0.0,0.0,0.0
29,ROI_14,ROI_18,0.0,0.0,0.0,0.0
29,ROI_14,ROI_19,0.0,0.0,0.0,0.0
29,ROI_14,ROI_20,0.0,0.0,0.0,0.0
29,ROI_14,ROI_21,0.0,0.0,0.0,0.0
29,ROI_14,ROI_22,0.0,0.0,0.0,0.0
29,ROI_14,ROI_24,0.0,0.0,0.0,0.0
29,ROI_14,ROI_25,0.0,0.0,0.0,0.0
29,ROI_14,ROI_26,0.0,0.0,0.0,0.0
29,ROI_14,ROI_27,0.0,0.0,0.0,0.0
29,ROI_14,ROI_28,0.0,0.0,0.0,0.0
29,ROI_14,ROI_29,0.0,0.0,0.0,0.0
29,ROI_14,ROI_30,0.0,0.0,0.0,0.0
29,ROI_14,ROI_31,0.0,0.0,0.0,0.0
29,ROI_9,ROI_5,0.0,0.0,0.0,0.0
29,ROI_9,ROI_4,0.0,0.0,0.0,0.0
29,ROI_9,ROI_3,0.0,0.0,0.0,0.0
29,ROI_3,ROI_46,0.0,0.0,0.0,0.0
29,ROI_3,ROI_33,0.0,0.0,0.0,0.0
29,ROI_3,ROI_34,0.0,0.0,0.0,0.0
29,ROI_3,ROI_35,0.0,0.0,0.0,0.0
29,ROI_3,ROI_36,0.0,0.0,0.0,0.0
29,ROI_3,ROI_37,0.0,0.0,0.0,0.0
29,ROI_3,ROI_38,0.0,0.0,0.0,0.0
29,ROI_3,ROI_39,0.0,0.0,0.0,0.0
29,ROI_3,ROI_40,0.0,0.0,0.0,0.0
29,ROI_3,ROI_41,0.0,0.0,0.0,0.0
29,ROI_3,ROI_42,0.0,0.0,0.0,0.0
29,ROI_3,ROI_43,0.0,0.0,0.0,0.0
29,ROI_3,ROI_44,0.0,0.0,0.0,0.0
29,ROI_3,ROI_47,0.0,0.0,0.0,0.0
29,ROI_3,ROI_1,0.0,0.0,0.0,0.0
29,ROI_3,ROI_48,0.0,0.0,0.0,0.0
29,ROI_3,ROI_49,0.0,0.0,0.0,0.0
29,ROI_3,ROI_50,0.0,0.0,0.0,0.0
29,ROI_3,ROI_51,0.0,0.0,0.0,0.0
29,ROI_3,ROI_52,0.0,0.0,0.0,0.0
29,ROI_3,ROI_53,0.0,0.0,0.0,0.0
29,ROI_3,ROI_54,0.0,0.0,0.0,0.0
29,ROI_3,ROI_55,0.0,0.0,0.0,0.0
29,ROI_3,ROI_56,0.0,0.0,0.0,0.0
29,ROI_3,ROI_58,0.0,0.0,0.0,0.0
29,ROI_3,ROI_59,0.0,0.0,0.0,0.0
29,ROI_3,ROI_60,0.0,0.0,0.0,0.0
29,ROI_3,ROI_32,0.0,0.0,0.0,0.0
29,ROI_3,ROI_31,0.0,0.0,0.0,0.0
29,ROI_3,ROI_30,0.0,0.0,0.0,0.0
29,ROI_3,ROI_29,0.0,0.0,0.0,0.0
29,ROI_3,ROI_3,0.0,0.0,0.0,0.0
29,ROI_3,ROI_4,0.0,0.0,0.0,0.0
29,ROI_3,ROI_5,0.0,0.0,0.0,0.0
29,ROI_3,ROI_6,0.0,0.0,0.0,0.0
29,ROI_3,ROI_7,0.0,0.0,0.0,0.0
29,ROI_3,ROI_8,0.0,0.0,0.0,0.0
29,ROI_3,ROI_9,0.0,0.0,0.0,0.0
29,ROI_3,ROI_11,0.0,0.0,0.0,0.0
29,ROI_3,ROI_12,0.0,0.0,0.0,0.0
29,ROI_3,ROI_13,0.0,0.0,0.0,0.0
29,ROI_3,ROI_14,0.0,0.0,0.0,0.0
29,ROI_3,ROI_15,0.0,0.0,0.0,0.0
29,ROI_3,ROI_16,0.0,0.0,0.0,0.0
29,ROI_3,ROI_17,0.0,0.0,0.0,0.0
29,ROI_3,ROI_18,0.0,0.0,0.0,0.0
29,ROI_3,ROI_19,0.0,0.0,0.0,0.0
29,ROI_3,ROI_20,0.0,0.0,0.0,0.0
29,ROI_3,ROI_21,0.0,0.0,0.0,0.0
29,ROI_3,ROI_22,0.0,0.0,0.0,0.0
29,ROI_3,ROI_23,0.0,0.0,0.0,0.0
29,ROI_3,ROI_24,0.0,0.0,0.0,0.0
29,ROI_3,ROI_25,0.0,0.0,0.0,0.0
29,ROI_3,ROI_26,0.0,0.0,0.0,0.0
29,ROI_3,ROI_27,0.0,0.0,0.0,0.0
29,ROI_3,ROI_28,0.0,0.0,0.0,0.0
29,ROI_3,ROI_61,0.0,0.0,0.0,0.0
29,ROI_3,ROI_62,0.0,0.0,0.0,0.0
29,ROI_4,ROI_1,0.0,0.0,0.0,0.0
29,ROI_4,ROI_31,0.0,0.0,0.0,0.0
29,ROI_4,ROI_34,0.0,0.0,0.0,0.0
29,ROI_4,ROI_35,0.0,0.0,0.0,0.0
29,ROI_4,ROI_36,0.0,0.0,0.0,0.0
29,ROI_4,ROI_37,0.0,0.0,0.0,0.0
29,ROI_4,ROI_38,0.0,0.0,0.0,0.0
29,ROI_4,ROI_39,0.0,0.0,0.0,0.0
29,ROI_4,ROI_40,0.0,0.0,0.0,0.0
29,ROI_4,ROI_41,0.0,0.0,0.0,0.0
29,ROI_4,ROI_42,0.0,0.0,0.0,0.0
29,ROI_4,ROI_43,0.0,0.0,0.0,0.0
29,ROI_4,ROI_44,0.0,0.0,0.0,0.0
29,ROI_4,ROI_45,0.0,0.0,0.0,0.0
29,ROI_4,ROI_46,0.0,0.0,0.0,0.0
29,ROI_4,ROI_48,0.0,0.0,0.0,0.0
29,ROI_4,ROI_49,0.0,0.0,0.0,0.0
29,ROI_4,ROI_50,0.0,0.0,0.0,0.0
29,ROI_4,ROI_51,0.0,0.0,0.0,0.0
29,ROI_4,ROI_52,0.0,0.0,0.0,0.0
29,ROI_4,ROI_53,0.0,0.0,0.0,0.0
29,ROI_4,ROI_54,0.0,0.0,0.0,0.0
29,ROI_4,ROI_56,0.0,0.0,0.0,0.0
29,ROI_4,ROI_57,0.0,0.0,0.0,0.0
29,ROI_4,ROI_58,0.0,0.0,0.0,0.0
29,ROI_4,ROI_59,0.0,0.0,0.0,0.0
29,ROI_4,ROI_60,0.0,0.0,0.0,0.0
29,ROI_4,ROI_32,0.0,0.0,0.0,0.0
29,ROI_4,ROI_30,0.0,0.0,0.0,0.0
29,ROI_4,ROI_2,0.0,0.0,0.0,0.0
29,ROI_4,ROI_29,0.0,0.0,0.0,0.0
29,ROI_4,ROI_3,0.0,0.0,0.0,0.0
29,ROI_4,ROI_4,0.0,0.0,0.0,0.0
29,ROI_4,ROI_5,0.0,0.0,0.0,0.0
29,ROI_4,ROI_6,0.0,0.0,0.0,0.0
29,ROI_4,ROI_7,0.0,0.0,0.0,0.0
29,ROI_4,ROI_8,0.0,0.0,0.0,0.0
29,ROI_4,ROI_9,0.0,0.0,0.0,0.0
29,ROI_4,ROI_10,0.0,0.0,0.0,0.0
29,ROI_4,ROI_11,0.0,0.0,0.0,0.0
29,ROI_4,ROI_12,0.0,0.0,0.0,0.0
29,ROI_4,ROI_13,0.0,0.0,0.0,0.0
29,ROI_4,ROI_14,0.0,0.0,0.0,0.0
29,ROI_4,ROI_15,0.0,0.0,0.0,0.0
29,ROI_4,ROI_16,0.0,0.0,0.0,0.0
29,ROI_4,ROI_17,0.0,0.0,0.0,0.0
29,ROI_4,ROI_18,0.0,0.0,0.0,0.0
29,ROI_4,ROI_19,0.0,0.0,0.0,0.0
29,ROI_4,ROI_20,0.0,0.0,0.0,0.0
29,ROI_4,ROI_21,0.0,0.0,0.0,0.0
29,ROI_4,ROI_23,0.0,0.0,0.0,0.0
29,ROI_4,ROI_24,0.0,0.0,0.0,0.0
29,ROI_4,ROI_25,0.0,0.0,0.0,0.0
29,ROI_4,ROI_26,0.0,0.0,0.0,0.0
29,ROI_4,ROI_27,0.0,0.0,0.0,0.0
29,ROI_4,ROI_28,0.0,0.0,0.0,0.0
29,ROI_3,ROI_2,0.0,0.0,0.0,0.0
29,ROI_2,ROI_62,0.0,0.0,0.0,0.0
29,ROI_9,ROI_2,0.0,0.0,0.0,0.0
29,ROI_1,ROI_45,0.0,0.0,0.0,0.0
29,ROI_1,ROI_33,0.0,0.0,0.0,0.0
29,ROI_1,ROI_34,0.0,0.0,0.0,0.0
29,ROI_1,ROI_35,0.0,0.0,0.0,0.0
29,ROI_1,ROI_36,0.0,0.0,0.0,0.0
29,ROI_1,ROI_37,0.0,0.0,0.0,0.0
29,ROI_1,ROI_38,0.0,0.0,0.0,0.0
29,ROI_1,ROI_39,0.0,0.0,0.0,0.0
29,ROI_1,ROI_40,0.0,0.0,0.0,0.0
29,ROI_1,ROI_41,0.0,0.0,0.0,0.0
29,ROI_1,ROI_42,0.0,0.0,0.0,0.0
29,ROI_1,ROI_43,0.0,0.0,0.0,0.0
29,ROI_1,ROI_44,0.0,0.0,0.0,0.0
29,ROI_1,ROI_46,0.0,0.0,0.0,0.0
29,ROI_2,ROI_61,0.0,0.0,0.0,0.0
29,ROI_1,ROI_47,0.0,0.0,0.0,0.0
29,ROI_1,ROI_48,0.0,0.0,0.0,0.0
29,ROI_1,ROI_49,0.0,0.0,0.0,0.0
29,ROI_1,ROI_50,0.0,0.0,0.0,0.0
29,ROI_1,ROI_51,0.0,0.0,0.0,0.0
29,ROI_1,ROI_52,0.0,0.0,0.0,0.0
29,ROI_1,ROI_53,0.0,0.0,0.0,0.0
29,ROI_1,ROI_54,0.0,0.0,0.0,0.0
29,ROI_1,ROI_55,0.0,0.0,0.0,0.0
29,ROI_1,ROI_56,0.0,0.0,0.0,0.0
29,ROI_1,ROI_57,0.0,0.0,0.0,0.0
29,ROI_1,ROI_58,0.0,0.0,0.0,0.0
29,ROI_1,ROI_32,0.0,0.0,0.0,0.0
29,ROI_1,ROI_31,0.0,0.0,0.0,0.0
29,ROI_1,ROI_30,0.0,0.0,0.0,0.0
29,ROI_1,ROI_29,0.0,0.0,0.0,0.0
29,ROI_1,ROI_3,0.0,0.0,0.0,0.0
29,ROI_1,ROI_4,0.0,0.0,0.0,0.0
29,ROI_1,ROI_5,0.0,0.0,0.0,0.0
29,ROI_1,ROI_6,0.0,0.0,0.0,0.0
29,ROI_1,ROI_7,0.0,0.0,0.0,0.0
29,ROI_1,ROI_8,0.0,0.0,0.0,0.0
29,ROI_1,ROI_9,0.0,0.0,0.0,0.0
29,ROI_1,ROI_10,0.0,0.0,0.0,0.0
29,ROI_1,ROI_11,0.0,0.0,0.0,0.0
29,ROI_1,ROI_12,0.0,0.0,0.0,0.0
29,ROI_1,ROI_13,0.0,0.0,0.0,0.0
29,ROI_1,ROI_14,0.0,0.0,0.0,0.0
29,ROI_1,ROI_15,0.0,0.0,0.0,0.0
29,ROI_1,ROI_16,0.0,0.0,0.0,0.0
29,ROI_1,ROI_17,0.0,0.0,0.0,0.0
29,ROI_1,ROI_18,0.0,0.0,0.0,0.0
29,ROI_1,ROI_20,0.0,0.0,0.0,0.0
29,ROI_1,ROI_21,0.0,0.0,0.0,0.0
29,ROI_1,ROI_22,0.0,0.0,0.0,0.0
29,ROI_1,ROI_23,0.0,0.0,0.0,0.0
29,ROI_1,ROI_24,0.0,0.0,0.0,0.0
29,ROI_1,ROI_25,0.0,0.0,0.0,0.0
29,ROI_1,ROI_26,0.0,0.0,0.0,0.0
29,ROI_1,ROI_27,0.0,0.0,0.0,0.0
29,ROI_1,ROI_28,0.0,0.0,0.0,0.0
29,ROI_1,ROI_59,0.0,0.0,0.0,0.0
29,ROI_1,ROI_60,0.0,0.0,0.0,0.0
29,ROI_1,ROI_61,0.0,0.0,0.0,0.0
29,ROI_2,ROI_31,0.0,0.0,0.0,0.0
29,ROI_2,ROI_33,0.0,0.0,0.0,0.0
29,ROI_2,ROI_34,0.0,0.0,0.0,0.0
29,ROI_2,ROI_35,0.0,0.0,0.0,0.0
29,ROI_2,ROI_36,0.0,0.0,0.0,0.0
29,ROI_2,ROI_37,0.0,0.0,0.0,0.0
29,ROI_2,ROI_38,0.0,0.0,0.0,0.0
29,ROI_2,ROI_39,0.0,0.0,0.0,0.0
29,ROI_2,ROI_40,0.0,0.0,0.0,0.0
29,ROI_2,ROI_41,0.0,0.0,0.0,0.0
29,ROI_2,ROI_42,0.0,0.0,0.0,0.0
29,ROI_2,ROI_44,0.0,0.0,0.0,0.0
29,ROI_2,ROI_45,0.0,0.0,0.0,0.0
29,ROI_2,ROI_46,0.0,0.0,0.0,0.0
29,ROI_2,ROI_47,0.0,0.0,0.0,0.0
29,ROI_2,ROI_48,0.0,0.0,0.0,0.0
29,ROI_2,ROI_49,0.0,0.0,0.0,0.0
29,ROI_2,ROI_51,0.0,0.0,0.0,0.0
29,ROI_2,ROI_52,0.0,0.0,0.0,0.0
29,ROI_2,ROI_54,0.0,0.0,0.0,0.0
29,ROI_2,ROI_55,0.0,0.0,0.0,0.0
29,ROI_2,ROI_56,0.0,0.0,0.0,0.0
29,ROI_2,ROI_57,0.0,0.0,0.0,0.0
29,ROI_2,ROI_58,0.0,0.0,0.0,0.0
29,ROI_2,ROI_59,0.0,0.0,0.0,0.0
29,ROI_2,ROI_60,0.0,0.0,0.0,0.0
29,ROI_2,ROI_32,0.0,0.0,0.0,0.0
29,ROI_2,ROI_30,0.0,0.0,0.0,0.0
29,ROI_1,ROI_62,0.0,0.0,0.0,0.0
29,ROI_2,ROI_29,0.0,0.0,0.0,0.0
29,ROI_2,ROI_1,0.0,0.0,0.0,0.0
29,ROI_2,ROI_2,0.0,0.0,0.0,0.0
29,ROI_2,ROI_3,0.0,0.0,0.0,0.0
29,ROI_2,ROI_4,0.0,0.0,0.0,0.0
29,ROI_2,ROI_5,0.0,0.0,0.0,0.0
29,ROI_2,ROI_8,0.0,0.0,0.0,0.0
29,ROI_2,ROI_9,0.0,0.0,0.0,0.0
29,ROI_2,ROI_10,0.0,0.0,0.0,0.0
29,ROI_2,ROI_11,0.0,0.0,0.0,0.0
29,ROI_2,ROI_12,0.0,0.0,0.0,0.0
29,ROI_2,ROI_13,0.0,0.0,0.0,0.0
29,ROI_2,ROI_14,0.0,0.0,0.0,0.0
29,ROI_2,ROI_15,0.0,0.0,0.0,0.0
29,ROI_2,ROI_16,0.0,0.0,0.0,0.0
29,ROI_2,ROI_17,0.0,0.0,0.0,0.0
29,ROI_2,ROI_18,0.0,0.0,0.0,0.0
29,ROI_2,ROI_19,0.0,0.0,0.0,0.0
29,ROI_2,ROI_20,0.0,0.0,0.0,0.0
29,ROI_2,ROI_21,0.0,0.0,0.0,0.0
29,ROI_2,ROI_22,0.0,0.0,0.0,0.0
29,ROI_2,ROI_23,0.0,0.0,0.0,0.0
29,ROI_2,ROI_24,0.0,0.0,0.0,0.0
29,ROI_2,ROI_26,0.0,0.0,0.0,0.0
29,ROI_2,ROI_27,0.0,0.0,0.0,0.0
29,ROI_2,ROI_28,0.0,0.0,0.0,0.0
29,ROI_4,ROI_62,0.0,0.0,0.0,0.0
29,ROI_5,ROI_1,0.0,0.0,0.0,0.0
29,ROI_5,ROI_2,0.0,0.0,0.0,0.0
29,ROI_7,ROI_50,0.0,0.0,0.0,0.0
29,ROI_7,ROI_35,0.0,0.0,0.0,0.0
29,ROI_7,ROI_37,0.0,0.0,0.0,0.0
29,ROI_7,ROI_38,0.0,0.0,0.0,0.0
29,ROI_7,ROI_39,0.0,0.0,0.0,0.0
29,ROI_7,ROI_40,0.0,0.0,0.0,0.0
29,ROI_7,ROI_41,0.0,0.0,0.0,0.0
29,ROI_7,ROI_43,0.0,0.0,0.0,0.0
29,ROI_7,ROI_45,0.0,0.0,0.0,0.0
29,ROI_7,ROI_46,0.0,0.0,0.0,0.0
29,ROI_7,ROI_47,0.0,0.0,0.0,0.0
29,ROI_7,ROI_48,0.0,0.0,0.0,0.0
29,ROI_7,ROI_49,0.0,0.0,0.0,0.0
29,ROI_7,ROI_51,0.0,0.0,0.0,0.0
29,ROI_5,ROI_3,0.0,0.0,0.0,0.0
29,ROI_7,ROI_52,0.0,0.0,0.0,0.0
29,ROI_7,ROI_53,0.0,0.0,0.0,0.0
29,ROI_7,ROI_54,0.0,0.0,0.0,0.0
29,ROI_7,ROI_55,0.0,0.0,0.0,0.0
29,ROI_7,ROI_56,0.0,0.0,0.0,0.0
29,ROI_7,ROI_57,0.0,0.0,0.0,0.0
29,ROI_7,ROI_58,0.0,0.0,0.0,0.0
29,ROI_7,ROI_59,0.0,0.0,0.0,0.0
29,ROI_7,ROI_60,0.0,0.0,0.0,0.0
29,ROI_7,ROI_61,0.0,0.0,0.0,0.0
29,ROI_7,ROI_62,0.0,0.0,0.0,0.0
29,ROI_8,ROI_1,0.0,0.0,0.0,0.0
29,ROI_7,ROI_34,0.0,0.0,0.0,0.0
29,ROI_7,ROI_33,0.0,0.0,0.0,0.0
29,ROI_7,ROI_32,0.0,0.0,0.0,0.0
29,ROI_7,ROI_31,0.0,0.0,0.0,0.0
29,ROI_7,ROI_4,0.0,0.0,0.0,0.0
29,ROI_7,ROI_5,0.0,0.0,0.0,0.0
29,ROI_7,ROI_6,0.0,0.0,0.0,0.0
29,ROI_7,ROI_8,0.0,0.0,0.0,0.0
29,ROI_7,ROI_9,0.0,0.0,0.0,0.0
29,ROI_7,ROI_10,0.0,0.0,0.0,0.0
29,ROI_7,ROI_11,0.0,0.0,0.0,0.0
29,ROI_7,ROI_12,0.0,0.0,0.0,0.0
29,ROI_7,ROI_13,0.0,0.0,0.0,0.0
29,ROI_7,ROI_14,0.0,0.0,0.0,0.0
29,ROI_7,ROI_15,0.0,0.0,0.0,0.0
29,ROI_7,ROI_16,0.0,0.0,0.0,0.0
29,ROI_7,ROI_17,0.0,0.0,0.0,0.0
29,ROI_7,ROI_19,0.0,0.0,0.0,0.0
29,ROI_7,ROI_20,0.0,0.0,0.0,0.0
29,ROI_7,ROI_21,0.0,0.0,0.0,0.0
29,ROI_7,ROI_22,0.0,0.0,0.0,0.0
29,ROI_7,ROI_23,0.0,0.0,0.0,0.0
29,ROI_7,ROI_24,0.0,0.0,0.0,0.0
29,ROI_7,ROI_25,0.0,0.0,0.0,0.0
29,ROI_7,ROI_26,0.0,0.0,0.0,0.0
29,ROI_7,ROI_27,0.0,0.0,0.0,0.0
29,ROI_7,ROI_28,0.0,0.0,0.0,0.0
29,ROI_7,ROI_29,0.0,0.0,0.0,0.0
29,ROI_7,ROI_30,0.0,0.0,0.0,0.0
29,ROI_8,ROI_2,0.0,0.0,0.0,0.0
29,ROI_8,ROI_4,0.0,0.0,0.0,0.0
29,ROI_8,ROI_5,0.0,0.0,0.0,0.0
29,ROI_8,ROI_37,0.0,0.0,0.0,0.0
29,ROI_8,ROI_39,0.0,0.0,0.0,0.0
29,ROI_8,ROI_40,0.0,0.0,0.0,0.0
29,ROI_8,ROI_41,0.0,0.0,0.0,0.0
29,ROI_8,ROI_42,0.0,0.0,0.0,0.0
29,ROI_8,ROI_43,0.0,0.0,0.0,0.0
29,ROI_8,ROI_44,0.0,0.0,0.0,0.0
29,ROI_8,ROI_45,0.0,0.0,0.0,0.0
29,ROI_8,ROI_46,0.0,0.0,0.0,0.0
29,ROI_8,ROI_47,0.0,0.0,0.0,0.0
29,ROI_8,ROI_48,0.0,0.0,0.0,0.0
29,ROI_8,ROI_49,0.0,0.0,0.0,0.0
29,ROI_8,ROI_50,0.0,0.0,0.0,0.0
29,ROI_8,ROI_51,0.0,0.0,0.0,0.0
29,ROI_8,ROI_52,0.0,0.0,0.0,0.0
29,ROI_8,ROI_53,0.0,0.0,0.0,0.0
29,ROI_8,ROI_54,0.0,0.0,0.0,0.0
29,ROI_8,ROI_55,0.0,0.0,0.0,0.0
29,ROI_8,ROI_56,0.0,0.0,0.0,0.0
29,ROI_8,ROI_57,0.0,0.0,0.0,0.0
29,ROI_8,ROI_58,0.0,0.0,0.0,0.0
29,ROI_8,ROI_59,0.0,0.0,0.0,0.0
29,ROI_8,ROI_60,0.0,0.0,0.0,0.0
29,ROI_8,ROI_61,0.0,0.0,0.0,0.0
29,ROI_8,ROI_62,0.0,0.0,0.0,0.0
29,ROI_9,ROI_1,0.0,0.0,0.0,0.0
29,ROI_8,ROI_38,0.0,0.0,0.0,0.0
29,ROI_8,ROI_36,0.0,0.0,0.0,0.0
29,ROI_8,ROI_6,0.0,0.0,0.0,0.0
29,ROI_8,ROI_35,0.0,0.0,0.0,0.0
29,ROI_8,ROI_7,0.0,0.0,0.0,0.0
29,ROI_8,ROI_10,0.0,0.0,0.0,0.0
29,ROI_8,ROI_11,0.0,0.0,0.0,0.0
29,ROI_8,ROI_12,0.0,0.0,0.0,0.0
29,ROI_8,ROI_13,0.0,0.0,0.0,0.0
29,ROI_8,ROI_14,0.0,0.0,0.0,0.0
29,ROI_8,ROI_15,0.0,0.0,0.0,0.0
29,ROI_8,ROI_16,0.0,0.0,0.0,0.0
29,ROI_8,ROI_17,0.0,0.0,0.0,0.0
29,ROI_8,ROI_19,0.0,0.0,0.0,0.0
29,ROI_8,ROI_20,0.0,0.0,0.0,0.0
29,ROI_8,ROI_21,0.0,0.0,0.0,0.0
29,ROI_8,ROI_22,0.0,0.0,0.0,0.0
29,ROI_8,ROI_23,0.0,0.0,0.0,0.0
29,ROI_8,ROI_24,0.0,0.0,0.0,0.0
29,ROI_8,ROI_25,0.0,0.0,0.0,0.0
29,ROI_8,ROI_26,0.0,0.0,0.0,0.0
29,ROI_8,ROI_27,0.0,0.0,0.0,0.0
29,ROI_8,ROI_28,0.0,0.0,0.0,0.0
29,ROI_8,ROI_29,0.0,0.0,0.0,0.0
29,ROI_8,ROI_30,0.0,0.0,0.0,0.0
29,ROI_8,ROI_31,0.0,0.0,0.0,0.0
29,ROI_8,ROI_32,0.0,0.0,0.0,0.0
29,ROI_8,ROI_33,0.0,0.0,0.0,0.0
29,ROI_8,ROI_34,0.0,0.0,0.0,0.0
29,ROI_7,ROI_3,0.0,0.0,0.0,0.0
29,ROI_7,ROI_2,0.0,0.0,0.0,0.0
29,ROI_7,ROI_1,0.0,0.0,0.0,0.0
29,ROI_5,ROI_33,0.0,0.0,0.0,0.0
29,ROI_5,ROI_35,0.0,0.0,0.0,0.0
29,ROI_5,ROI_36,0.0,0.0,0.0,0.0
29,ROI_5,ROI_37,0.0,0.0,0.0,0.0
29,ROI_5,ROI_38,0.0,0.0,0.0,0.0
29,ROI_5,ROI_39,0.0,0.0,0.0,0.0
29,ROI_5,ROI_40,0.0,0.0,0.0,0.0
29,ROI_5,ROI_41,0.0,0.0,0.0,0.0
29,ROI_5,ROI_42,0.0,0.0,0.0,0.0
29,ROI_5,ROI_43,0.0,0.0,0.0,0.0
29,ROI_5,ROI_44,0.0,0.0,0.0,0.0
29,ROI_5,ROI_45,0.0,0.0,0.0,0.0
29,ROI_5,ROI_46,0.0,0.0,0.0,0.0
29,ROI_5,ROI_47,0.0,0.0,0.0,0.0
29,ROI_5,ROI_48,0.0,0.0,0.0,0.0
29,ROI_5,ROI_49,0.0,0.0,0.0,0.0
29,ROI_5,ROI_50,0.0,0.0,0.0,0.0
29,ROI_5,ROI_51,0.0,0.0,0.0,0.0
29,ROI_5,ROI_52,0.0,0.0,0.0,0.0
29,ROI_5,ROI_53,0.0,0.0,0.0,0.0
29,ROI_5,ROI_54,0.0,0.0,0.0,0.0
29,ROI_5,ROI_55,0.0,0.0,0.0,0.0
29,ROI_5,ROI_56,0.0,0.0,0.0,0.0
29,ROI_5,ROI_57,0.0,0.0,0.0,0.0
29,ROI_5,ROI_58,0.0,0.0,0.0,0.0
29,ROI_5,ROI_59,0.0,0.0,0.0,0.0
29,ROI_5,ROI_34,0.0,0.0,0.0,0.0
29,ROI_5,ROI_32,0.0,0.0,0.0,0.0
29,ROI_5,ROI_61,0.0,0.0,0.0,0.0
29,ROI_5,ROI_31,0.0,0.0,0.0,0.0
29,ROI_5,ROI_4,0.0,0.0,0.0,0.0
29,ROI_5,ROI_5,0.0,0.0,0.0,0.0
29,ROI_5,ROI_6,0.0,0.0,0.0,0.0
29,ROI_5,ROI_7,0.0,0.0,0.0,0.0
29,ROI_5,ROI_8,0.0,0.0,0.0,0.0
29,ROI_5,ROI_9,0.0,0.0,0.0,0.0
29,ROI_5,ROI_10,0.0,0.0,0.0,0.0
29,ROI_5,ROI_11,0.0,0.0,0.0,0.0
29,ROI_5,ROI_13,0.0,0.0,0.0,0.0
29,ROI_5,ROI_15,0.0,0.0,0.0,0.0
29,ROI_5,ROI_16,0.0,0.0,0.0,0.0
29,ROI_5,ROI_17,0.0,0.0,0.0,0.0
29,ROI_5,ROI_18,0.0,0.0,0.0,0.0
29,ROI_5,ROI_19,0.0,0.0,0.0,0.0
29,ROI_5,ROI_20,0.0,0.0,0.0,0.0
29,ROI_5,ROI_21,0.0,0.0,0.0,0.0
29,ROI_5,ROI_22,0.0,0.0,0.0,0.0
29,ROI_5,ROI_23,0.0,0.0,0.0,0.0
29,ROI_5,ROI_24,0.0,0.0,0.0,0.0
29,ROI_5,ROI_25,0.0,0.0,0.0,0.0
29,ROI_5,ROI_26,0.0,0.0,0.0,0.0
29,ROI_5,ROI_27,0.0,0.0,0.0,0.0
29,ROI_5,ROI_28,0.0,0.0,0.0,0.0
29,ROI_5,ROI_29,0.0,0.0,0.0,0.0
29,ROI_5,ROI_30,0.0,0.0,0.0,0.0
29,ROI_5,ROI_60,0.0,0.0,0.0,0.0
29,ROI_6,ROI_1,0.0,0.0,0.0,0.0
29,ROI_6,ROI_62,0.0,0.0,0.0,0.0
29,ROI_6,ROI_32,0.0,0.0,0.0,0.0
29,ROI_6,ROI_34,0.0,0.0,0.0,0.0
29,ROI_6,ROI_35,0.0,0.0,0.0,0.0
29,ROI_6,ROI_36,0.0,0.0,0.0,0.0
29,ROI_6,ROI_37,0.0,0.0,0.0,0.0
29,ROI_6,ROI_38,0.0,0.0,0.0,0.0
29,ROI_6,ROI_39,0.0,0.0,0.0,0.0
29,ROI_6,ROI_40,0.0,0.0,0.0,0.0
29,ROI_6,ROI_41,0.0,0.0,0.0,0.0
29,ROI_6,ROI_42,0.0,0.0,0.0,0.0
29,ROI_6,ROI_45,0.0,0.0,0.0,0.0
29,ROI_6,ROI_46,0.0,0.0,0.0,0.0
29,ROI_6,ROI_47,0.0,0.0,0.0,0.0
29,ROI_6,ROI_48,0.0,0.0,0.0,0.0
29,ROI_6,ROI_49,0.0,0.0,0.0,0.0
29,ROI_6,ROI_50,0.0,0.0,0.0,0.0
29,ROI_6,ROI_51,0.0,0.0,0.0,0.0
29,ROI_6,ROI_52,0.0,0.0,0.0,0.0
29,ROI_6,ROI_53,0.0,0.0,0.0,0.0
29,ROI_6,ROI_54,0.0,0.0,0.0,0.0
29,ROI_6,ROI_55,0.0,0.0,0.0,0.0
29,ROI_6,ROI_56,0.0,0.0,0.0,0.0
29,ROI_6,ROI_57,0.0,0.0,0.0,0.0
29,ROI_6,ROI_58,0.0,0.0,0.0,0.0
29,ROI_6,ROI_59,0.0,0.0,0.0,0.0
29,ROI_6,ROI_60,0.0,0.0,0.0,0.0
29,ROI_6,ROI_33,0.0,0.0,0.0,0.0
29,ROI_6,ROI_31,0.0,0.0,0.0,0.0
29,ROI_6,ROI_2,0.0,0.0,0.0,0.0
29,ROI_6,ROI_30,0.0,0.0,0.0,0.0
29,ROI_6,ROI_3,0.0,0.0,0.0,0.0
29,ROI_6,ROI_4,0.0,0.0,0.0,0.0
29,ROI_6,ROI_5,0.0,0.0,0.0,0.0
29,ROI_6,ROI_6,0.0,0.0,0.0,0.0
29,ROI_6,ROI_8,0.0,0.0,0.0,0.0
29,ROI_6,ROI_9,0.0,0.0,0.0,0.0
29,ROI_6,ROI_10,0.0,0.0,0.0,0.0
29,ROI_6,ROI_11,0.0,0.0,0.0,0.0
29,ROI_6,ROI_12,0.0,0.0,0.0,0.0
29,ROI_6,ROI_13,0.0,0.0,0.0,0.0
29,ROI_6,ROI_14,0.0,0.0,0.0,0.0
29,ROI_6,ROI_15,0.0,0.0,0.0,0.0
29,ROI_6,ROI_16,0.0,0.0,0.0,0.0
29,ROI_6,ROI_17,0.0,0.0,0.0,0.0
29,ROI_6,ROI_18,0.0,0.0,0.0,0.0
29,ROI_6,ROI_19,0.0,0.0,0.0,0.0
29,ROI_6,ROI_20,0.0,0.0,0.0,0.0
29,ROI_6,ROI_21,0.0,0.0,0.0,0.0
29,ROI_6,ROI_22,0.0,0.0,0.0,0.0
29,ROI_6,ROI_23,0.0,0.0,0.0,0.0
29,ROI_6,ROI_24,0.0,0.0,0.0,0.0
29,ROI_6,ROI_25,0.0,0.0,0.0,0.0
29,ROI_6,ROI_26,0.0,0.0,0.0,0.0
29,ROI_6,ROI_27,0.0,0.0,0.0,0.0
29,ROI_6,ROI_29,0.0,0.0,0.0,0.0
29,ROI_16,ROI_58,0.0,0.0,0.0,0.0
29,ROI_16,ROI_60,0.0,0.0,0.0,0.0
29,ROI_32,ROI_51,0.0,0.0,0.0,0.0
29,ROI_27,ROI_40,0.0,0.0,0.0,0.0
29,ROI_27,ROI_27,0.0,0.0,0.0,0.0
29,ROI_27,ROI_28,0.0,0.0,0.0,0.0
29,ROI_27,ROI_29,0.0,0.0,0.0,0.0
29,ROI_27,ROI_30,0.0,0.0,0.0,0.0
29,ROI_27,ROI_31,0.0,0.0,0.0,0.0
29,ROI_27,ROI_32,0.0,0.0,0.0,0.0
29,ROI_27,ROI_34,0.0,0.0,0.0,0.0
29,ROI_27,ROI_35,0.0,0.0,0.0,0.0
29,ROI_27,ROI_36,0.0,0.0,0.0,0.0
29,ROI_27,ROI_37,0.0,0.0,0.0,0.0
29,ROI_27,ROI_38,0.0,0.0,0.0,0.0
29,ROI_27,ROI_39,0.0,0.0,0.0,0.0
29,ROI_27,ROI_41,0.0,0.0,0.0,0.0
29,ROI_26,ROI_56,0.0,0.0,0.0,0.0
29,ROI_27,ROI_42,0.0,0.0,0.0,0.0
29,ROI_27,ROI_44,0.0,0.0,0.0,0.0
29,ROI_27,ROI_45,0.0,0.0,0.0,0.0
29,ROI_27,ROI_46,0.0,0.0,0.0,0.0
29,ROI_27,ROI_47,0.0,0.0,0.0,0.0
29,ROI_27,ROI_48,0.0,0.0,0.0,0.0
29,ROI_27,ROI_49,0.0,0.0,0.0,0.0
29,ROI_27,ROI_50,0.0,0.0,0.0,0.0
29,ROI_27,ROI_51,0.0,0.0,0.0,0.0
29,ROI_27,ROI_52,0.0,0.0,0.0,0.0
29,ROI_27,ROI_53,0.0,0.0,0.0,0.0
29,ROI_27,ROI_54,0.0,0.0,0.0,0.0
29,ROI_27,ROI_26,0.0,0.0,0.0,0.0
29,ROI_27,ROI_25,0.0,0.0,0.0,0.0
29,ROI_27,ROI_24,0.0,0.0,0.0,0.0
29,ROI_27,ROI_23,0.0,0.0,0.0,0.0
29,ROI_26,ROI_59,0.0,0.0,0.0,0.0
29,ROI_26,ROI_61,0.0,0.0,0.0,0.0
29,ROI_26,ROI_62,0.0,0.0,0.0,0.0
29,ROI_27,ROI_1,0.0,0.0,0.0,0.0
29,ROI_27,ROI_2,0.0,0.0,0.0,0.0
29,ROI_27,ROI_3,0.0,0.0,0.0,0.0
29,ROI_27,ROI_4,0.0,0.0,0.0,0.0
29,ROI_27,ROI_5,0.0,0.0,0.0,0.0
29,ROI_27,ROI_6,0.0,0.0,0.0,0.0
29,ROI_27,ROI_7,0.0,0.0,0.0,0.0
29,ROI_27,ROI_8,0.0,0.0,0.0,0.0
29,ROI_27,ROI_9,0.0,0.0,0.0,0.0
29,ROI_27,ROI_10,0.0,0.0,0.0,0.0
29,ROI_27,ROI_11,0.0,0.0,0.0,0.0
29,ROI_27,ROI_12,0.0,0.0,0.0,0.0
29,ROI_27,ROI_13,0.0,0.0,0.0,0.0
29,ROI_27,ROI_14,0.0,0.0,0.0,0.0
29,ROI_27,ROI_15,0.0,0.0,0.0,0.0
29,ROI_27,ROI_16,0.0,0.0,0.0,0.0
29,ROI_27,ROI_17,0.0,0.0,0.0,0.0
29,ROI_27,ROI_18,0.0,0.0,0.0,0.0
29,ROI_27,ROI_19,0.0,0.0,0.0,0.0
29,ROI_27,ROI_20,0.0,0.0,0.0,0.0
29,ROI_27,ROI_21,0.0,0.0,0.0,0.0
29,ROI_27,ROI_22,0.0,0.0,0.0,0.0
29,ROI_27,ROI_55,0.0,0.0,0.0,0.0
29,ROI_27,ROI_56,0.0,0.0,0.0,0.0
29,ROI_27,ROI_57,0.0,0.0,0.0,0.0
29,ROI_28,ROI_24,0.0,0.0,0.0,0.0
29,ROI_28,ROI_26,0.0,0.0,0.0,0.0
29,ROI_28,ROI_27,0.0,0.0,0.0,0.0
29,ROI_28,ROI_28,0.0,0.0,0.0,0.0
29,ROI_28,ROI_29,0.0,0.0,0.0,0.0
29,ROI_28,ROI_30,0.0,0.0,0.0,0.0
29,ROI_28,ROI_31,0.0,0.0,0.0,0.0
29,ROI_28,ROI_32,0.0,0.0,0.0,0.0
29,ROI_28,ROI_33,0.0,0.0,0.0,0.0
29,ROI_28,ROI_34,0.0,0.0,0.0,0.0
29,ROI_28,ROI_35,0.0,0.0,0.0,0.0
29,ROI_28,ROI_36,0.0,0.0,0.0,0.0
29,ROI_28,ROI_37,0.0,0.0,0.0,0.0
29,ROI_28,ROI_38,0.0,0.0,0.0,0.0
29,ROI_28,ROI_39,0.0,0.0,0.0,0.0
29,ROI_28,ROI_40,0.0,0.0,0.0,0.0
29,ROI_28,ROI_41,0.0,0.0,0.0,0.0
29,ROI_28,ROI_42,0.0,0.0,0.0,0.0
29,ROI_28,ROI_43,0.0,0.0,0.0,0.0
29,ROI_28,ROI_44,0.0,0.0,0.0,0.0
29,ROI_28,ROI_45,0.0,0.0,0.0,0.0
29,ROI_28,ROI_46,0.0,0.0,0.0,0.0
29,ROI_28,ROI_47,0.0,0.0,0.0,0.0
29,ROI_28,ROI_48,0.0,0.0,0.0,0.0
29,ROI_28,ROI_49,0.0,0.0,0.0,0.0
29,ROI_28,ROI_50,0.0,0.0,0.0,0.0
29,ROI_28,ROI_25,0.0,0.0,0.0,0.0
29,ROI_28,ROI_23,0.0,0.0,0.0,0.0
29,ROI_27,ROI_58,0.0,0.0,0.0,0.0
29,ROI_28,ROI_22,0.0,0.0,0.0,0.0
29,ROI_27,ROI_59,0.0,0.0,0.0,0.0
29,ROI_27,ROI_60,0.0,0.0,0.0,0.0
29,ROI_27,ROI_61,0.0,0.0,0.0,0.0
29,ROI_27,ROI_62,0.0,0.0,0.0,0.0
29,ROI_28,ROI_1,0.0,0.0,0.0,0.0
29,ROI_28,ROI_2,0.0,0.0,0.0,0.0
29,ROI_28,ROI_3,0.0,0.0,0.0,0.0
29,ROI_28,ROI_4,0.0,0.0,0.0,0.0
29,ROI_28,ROI_5,0.0,0.0,0.0,0.0
29,ROI_28,ROI_6,0.0,0.0,0.0,0.0
29,ROI_28,ROI_7,0.0,0.0,0.0,0.0
29,ROI_28,ROI_8,0.0,0.0,0.0,0.0
29,ROI_28,ROI_9,0.0,0.0,0.0,0.0
29,ROI_28,ROI_10,0.0,0.0,0.0,0.0
29,ROI_28,ROI_11,0.0,0.0,0.0,0.0
29,ROI_28,ROI_12,0.0,0.0,0.0,0.0
29,ROI_28,ROI_13,0.0,0.0,0.0,0.0
29,ROI_28,ROI_14,0.0,0.0,0.0,0.0
29,ROI_28,ROI_15,0.0,0.0,0.0,0.0
29,ROI_28,ROI_16,0.0,0.0,0.0,0.0
29,ROI_28,ROI_17,0.0,0.0,0.0,0.0
29,ROI_28,ROI_18,0.0,0.0,0.0,0.0
29,ROI_28,ROI_19,0.0,0.0,0.0,0.0
29,ROI_28,ROI_20,0.0,0.0,0.0,0.0
29,ROI_28,ROI_21,0.0,0.0,0.0,0.0
29,ROI_26,ROI_57,0.0,0.0,0.0,0.0
29,ROI_26,ROI_55,0.0,0.0,0.0,0.0
29,ROI_28,ROI_52,0.0,0.0,0.0,0.0
29,ROI_25,ROI_42,0.0,0.0,0.0,0.0
29,ROI_25,ROI_30,0.0,0.0,0.0,0.0
29,ROI_25,ROI_31,0.0,0.0,0.0,0.0
29,ROI_25,ROI_32,0.0,0.0,0.0,0.0
29,ROI_25,ROI_33,0.0,0.0,0.0,0.0
29,ROI_25,ROI_34,0.0,0.0,0.0,0.0
29,ROI_25,ROI_35,0.0,0.0,0.0,0.0
29,ROI_25,ROI_36,0.0,0.0,0.0,0.0
29,ROI_25,ROI_37,0.0,0.0,0.0,0.0
29,ROI_25,ROI_38,0.0,0.0,0.0,0.0
29,ROI_25,ROI_39,0.0,0.0,0.0,0.0
29,ROI_25,ROI_40,0.0,0.0,0.0,0.0
29,ROI_25,ROI_41,0.0,0.0,0.0,0.0
29,ROI_25,ROI_43,0.0,0.0,0.0,0.0
29,ROI_26,ROI_54,0.0,0.0,0.0,0.0
29,ROI_25,ROI_44,0.0,0.0,0.0,0.0
29,ROI_25,ROI_45,0.0,0.0,0.0,0.0
29,ROI_25,ROI_46,0.0,0.0,0.0,0.0
29,ROI_25,ROI_47,0.0,0.0,0.0,0.0
29,ROI_25,ROI_48,0.0,0.0,0.0,0.0
29,ROI_25,ROI_49,0.0,0.0,0.0,0.0
29,ROI_25,ROI_50,0.0,0.0,0.0,0.0
29,ROI_25,ROI_51,0.0,0.0,0.0,0.0
29,ROI_25,ROI_52,0.0,0.0,0.0,0.0
29,ROI_25,ROI_53,0.0,0.0,0.0,0.0
29,ROI_25,ROI_54,0.0,0.0,0.0,0.0
29,ROI_25,ROI_55,0.0,0.0,0.0,0.0
29,ROI_25,ROI_28,0.0,0.0,0.0,0.0
29,ROI_25,ROI_27,0.0,0.0,0.0,0.0
29,ROI_25,ROI_26,0.0,0.0,0.0,0.0
29,ROI_25,ROI_25,0.0,0.0,0.0,0.0
29,ROI_24,ROI_62,0.0,0.0,0.0,0.0
29,ROI_25,ROI_1,0.0,0.0,0.0,0.0
29,ROI_25,ROI_2,0.0,0.0,0.0,0.0
29,ROI_25,ROI_3,0.0,0.0,0.0,0.0
29,ROI_25,ROI_4,0.0,0.0,0.0,0.0
29,ROI_25,ROI_5,0.0,0.0,0.0,0.0
29,ROI_25,ROI_6,0.0,0.0,0.0,0.0
29,ROI_25,ROI_7,0.0,0.0,0.0,0.0
29,ROI_25,ROI_8,0.0,0.0,0.0,0.0
29,ROI_25,ROI_9,0.0,0.0,0.0,0.0
29,ROI_25,ROI_10,0.0,0.0,0.0,0.0
29,ROI_25,ROI_11,0.0,0.0,0.0,0.0
29,ROI_25,ROI_12,0.0,0.0,0.0,0.0
29,ROI_25,ROI_13,0.0,0.0,0.0,0.0
29,ROI_25,ROI_14,0.0,0.0,0.0,0.0
29,ROI_25,ROI_15,0.0,0.0,0.0,0.0
29,ROI_25,ROI_16,0.0,0.0,0.0,0.0
29,ROI_25,ROI_17,0.0,0.0,0.0,0.0
29,ROI_25,ROI_18,0.0,0.0,0.0,0.0
29,ROI_25,ROI_19,0.0,0.0,0.0,0.0
29,ROI_25,ROI_20,0.0,0.0,0.0,0.0
29,ROI_25,ROI_21,0.0,0.0,0.0,0.0
29,ROI_25,ROI_22,0.0,0.0,0.0,0.0
29,ROI_25,ROI_23,0.0,0.0,0.0,0.0
29,ROI_25,ROI_24,0.0,0.0,0.0,0.0
29,ROI_25,ROI_56,0.0,0.0,0.0,0.0
29,ROI_25,ROI_57,0.0,0.0,0.0,0.0
29,ROI_25,ROI_58,0.0,0.0,0.0,0.0
29,ROI_26,ROI_26,0.0,0.0,0.0,0.0
29,ROI_26,ROI_28,0.0,0.0,0.0,0.0
29,ROI_26,ROI_29,0.0,0.0,0.0,0.0
29,ROI_26,ROI_30,0.0,0.0,0.0,0.0
29,ROI_26,ROI_31,0.0,0.0,0.0,0.0
29,ROI_26,ROI_32,0.0,0.0,0.0,0.0
29,ROI_26,ROI_33,0.0,0.0,0.0,0.0
29,ROI_26,ROI_34,0.0,0.0,0.0,0.0
29,ROI_26,ROI_35,0.0,0.0,0.0,0.0
29,ROI_26,ROI_36,0.0,0.0,0.0,0.0
29,ROI_26,ROI_38,0.0,0.0,0.0,0.0
29,ROI_26,ROI_39,0.0,0.0,0.0,0.0
29,ROI_26,ROI_40,0.0,0.0,0.0,0.0
29,ROI_26,ROI_41,0.0,0.0,0.0,0.0
29,ROI_26,ROI_42,0.0,0.0,0.0,0.0
29,ROI_26,ROI_43,0.0,0.0,0.0,0.0
29,ROI_26,ROI_44,0.0,0.0,0.0,0.0
29,ROI_26,ROI_45,0.0,0.0,0.0,0.0
29,ROI_26,ROI_46,0.0,0.0,0.0,0.0
29,ROI_26,ROI_47,0.0,0.0,0.0,0.0
29,ROI_26,ROI_48,0.0,0.0,0.0,0.0
29,ROI_26,ROI_49,0.0,0.0,0.0,0.0
29,ROI_26,ROI_50,0.0,0.0,0.0,0.0
29,ROI_26,ROI_51,0.0,0.0,0.0,0.0
29,ROI_26,ROI_52,0.0,0.0,0.0,0.0
29,ROI_26,ROI_53,0.0,0.0,0.0,0.0
29,ROI_26,ROI_27,0.0,0.0,0.0,0.0
29,ROI_26,ROI_25,0.0,0.0,0.0,0.0
29,ROI_25,ROI_59,0.0,0.0,0.0,0.0
29,ROI_26,ROI_24,0.0,0.0,0.0,0.0
29,ROI_25,ROI_60,0.0,0.0,0.0,0.0
29,ROI_25,ROI_61,0.0,0.0,0.0,0.0
29,ROI_25,ROI_62,0.0,0.0,0.0,0.0
29,ROI_26,ROI_1,0.0,0.0,0.0,0.0
29,ROI_26,ROI_2,0.0,0.0,0.0,0.0
29,ROI_26,ROI_3,0.0,0.0,0.0,0.0
29,ROI_26,ROI_4,0.0,0.0,0.0,0.0
29,ROI_26,ROI_5,0.0,0.0,0.0,0.0
29,ROI_26,ROI_6,0.0,0.0,0.0,0.0
29,ROI_26,ROI_7,0.0,0.0,0.0,0.0
29,ROI_26,ROI_8,0.0,0.0,0.0,0.0
29,ROI_26,ROI_9,0.0,0.0,0.0,0.0
29,ROI_26,ROI_10,0.0,0.0,0.0,0.0
29,ROI_26,ROI_12,0.0,0.0,0.0,0.0
29,ROI_26,ROI_13,0.0,0.0,0.0,0.0
29,ROI_26,ROI_14,0.0,0.0,0.0,0.0
29,ROI_26,ROI_15,0.0,0.0,0.0,0.0
29,ROI_26,ROI_16,0.0,0.0,0.0,0.0
29,ROI_26,ROI_17,0.0,0.0,0.0,0.0
29,ROI_26,ROI_18,0.0,0.0,0.0,0.0
29,ROI_26,ROI_19,0.0,0.0,0.0,0.0
29,ROI_26,ROI_20,0.0,0.0,0.0,0.0
29,ROI_26,ROI_21,0.0,0.0,0.0,0.0
29,ROI_26,ROI_22,0.0,0.0,0.0,0.0
29,ROI_26,ROI_23,0.0,0.0,0.0,0.0
29,ROI_28,ROI_51,0.0,0.0,0.0,0.0
29,ROI_28,ROI_53,0.0,0.0,0.0,0.0
29,ROI_16,ROI_61,0.0,0.0,0.0,0.0
29,ROI_31,ROI_39,0.0,0.0,0.0,0.0
29,ROI_31,ROI_27,0.0,0.0,0.0,0.0
29,ROI_31,ROI_28,0.0,0.0,0.0,0.0
29,ROI_31,ROI_29,0.0,0.0,0.0,0.0
29,ROI_31,ROI_30,0.0,0.0,0.0,0.0
29,ROI_31,ROI_31,0.0,0.0,0.0,0.0
29,ROI_31,ROI_32,0.0,0.0,0.0,0.0
29,ROI_31,ROI_33,0.0,0.0,0.0,0.0
29,ROI_31,ROI_34,0.0,0.0,0.0,0.0
29,ROI_31,ROI_35,0.0,0.0,0.0,0.0
29,ROI_31,ROI_36,0.0,0.0,0.0,0.0
29,ROI_31,ROI_37,0.0,0.0,0.0,0.0
29,ROI_31,ROI_38,0.0,0.0,0.0,0.0
29,ROI_31,ROI_40,0.0,0.0,0.0,0.0
29,ROI_30,ROI_58,0.0,0.0,0.0,0.0
29,ROI_31,ROI_41,0.0,0.0,0.0,0.0
29,ROI_31,ROI_42,0.0,0.0,0.0,0.0
29,ROI_31,ROI_43,0.0,0.0,0.0,0.0
29,ROI_31,ROI_44,0.0,0.0,0.0,0.0
29,ROI_31,ROI_45,0.0,0.0,0.0,0.0
29,ROI_31,ROI_46,0.0,0.0,0.0,0.0
29,ROI_31,ROI_47,0.0,0.0,0.0,0.0
29,ROI_31,ROI_48,0.0,0.0,0.0,0.0
29,ROI_31,ROI_49,0.0,0.0,0.0,0.0
29,ROI_31,ROI_50,0.0,0.0,0.0,0.0
29,ROI_31,ROI_51,0.0,0.0,0.0,0.0
29,ROI_31,ROI_52,0.0,0.0,0.0,0.0
29,ROI_31,ROI_26,0.0,0.0,0.0,0.0
29,ROI_31,ROI_25,0.0,0.0,0.0,0.0
29,ROI_31,ROI_24,0.0,0.0,0.0,0.0
29,ROI_31,ROI_23,0.0,0.0,0.0,0.0
29,ROI_30,ROI_60,0.0,0.0,0.0,0.0
29,ROI_30,ROI_61,0.0,0.0,0.0,0.0
29,ROI_30,ROI_62,0.0,0.0,0.0,0.0
29,ROI_31,ROI_1,0.0,0.0,0.0,0.0
29,ROI_31,ROI_2,0.0,0.0,0.0,0.0
29,ROI_31,ROI_3,0.0,0.0,0.0,0.0
29,ROI_31,ROI_4,0.0,0.0,0.0,0.0
29,ROI_31,ROI_5,0.0,0.0,0.0,0.0
29,ROI_31,ROI_6,0.0,0.0,0.0,0.0
29,ROI_31,ROI_7,0.0,0.0,0.0,0.0
29,ROI_31,ROI_8,0.0,0.0,0.0,0.0
29,ROI_31,ROI_9,0.0,0.0,0.0,0.0
29,ROI_31,ROI_10,0.0,0.0,0.0,0.0
29,ROI_31,ROI_11,0.0,0.0,0.0,0.0
29,ROI_31,ROI_12,0.0,0.0,0.0,0.0
29,ROI_31,ROI_13,0.0,0.0,0.0,0.0
29,ROI_31,ROI_14,0.0,0.0,0.0,0.0
29,ROI_31,ROI_15,0.0,0.0,0.0,0.0
29,ROI_31,ROI_16,0.0,0.0,0.0,0.0
29,ROI_31,ROI_17,0.0,0.0,0.0,0.0
29,ROI_31,ROI_18,0.0,0.0,0.0,0.0
29,ROI_31,ROI_19,0.0,0.0,0.0,0.0
29,ROI_31,ROI_20,0.0,0.0,0.0,0.0
29,ROI_31,ROI_21,0.0,0.0,0.0,0.0
29,ROI_31,ROI_22,0.0,0.0,0.0,0.0
29,ROI_31,ROI_53,0.0,0.0,0.0,0.0
29,ROI_31,ROI_54,0.0,0.0,0.0,0.0
29,ROI_31,ROI_55,0.0,0.0,0.0,0.0
29,ROI_32,ROI_22,0.0,0.0,0.0,0.0
29,ROI_32,ROI_25,0.0,0.0,0.0,0.0
29,ROI_32,ROI_26,0.0,0.0,0.0,0.0
29,ROI_32,ROI_27,0.0,0.0,0.0,0.0
29,ROI_32,ROI_28,0.0,0.0,0.0,0.0
29,ROI_32,ROI_29,0.0,0.0,0.0,0.0
29,ROI_32,ROI_30,0.0,0.0,0.0,0.0
29,ROI_32,ROI_31,0.0,0.0,0.0,0.0
29,ROI_32,ROI_33,0.0,0.0,0.0,0.0
29,ROI_32,ROI_34,0.0,0.0,0.0,0.0
29,ROI_32,ROI_35,0.0,0.0,0.0,0.0
29,ROI_32,ROI_36,0.0,0.0,0.0,0.0
29,ROI_32,ROI_37,0.0,0.0,0.0,0.0
29,ROI_32,ROI_38,0.0,0.0,0.0,0.0
29,ROI_32,ROI_39,0.0,0.0,0.0,0.0
29,ROI_32,ROI_40,0.0,0.0,0.0,0.0
29,ROI_32,ROI_41,0.0,0.0,0.0,0.0
29,ROI_32,ROI_42,0.0,0.0,0.0,0.0
29,ROI_32,ROI_43,0.0,0.0,0.0,0.0
29,ROI_32,ROI_44,0.0,0.0,0.0,0.0
29,ROI_32,ROI_45,0.0,0.0,0.0,0.0
29,ROI_32,ROI_46,0.0,0.0,0.0,0.0
29,ROI_32,ROI_47,0.0,0.0,0.0,0.0
29,ROI_32,ROI_48,0.0,0.0,0.0,0.0
29,ROI_32,ROI_49,0.0,0.0,0.0,0.0
29,ROI_32,ROI_50,0.0,0.0,0.0,0.0
29,ROI_32,ROI_24,0.0,0.0,0.0,0.0
29,ROI_32,ROI_21,0.0,0.0,0.0,0.0
29,ROI_31,ROI_56,0.0,0.0,0.0,0.0
29,ROI_32,ROI_20,0.0,0.0,0.0,0.0
29,ROI_31,ROI_57,0.0,0.0,0.0,0.0
29,ROI_31,ROI_58,0.0,0.0,0.0,0.0
29,ROI_31,ROI_59,0.0,0.0,0.0,0.0
29,ROI_31,ROI_60,0.0,0.0,0.0,0.0
29,ROI_31,ROI_61,0.0,0.0,0.0,0.0
29,ROI_31,ROI_62,0.0,0.0,0.0,0.0
29,ROI_1,ROI_2,0.0,0.0,0.0,0.0
29,ROI_32,ROI_2,0.0,0.0,0.0,0.0
29,ROI_32,ROI_3,0.0,0.0,0.0,0.0
29,ROI_32,ROI_4,0.0,0.0,0.0,0.0
29,ROI_32,ROI_5,0.0,0.0,0.0,0.0
29,ROI_32,ROI_6,0.0,0.0,0.0,0.0
29,ROI_32,ROI_7,0.0,0.0,0.0,0.0
29,ROI_32,ROI_8,0.0,0.0,0.0,0.0
29,ROI_32,ROI_9,0.0,0.0,0.0,0.0
29,ROI_32,ROI_10,0.0,0.0,0.0,0.0
29,ROI_32,ROI_11,0.0,0.0,0.0,0.0
29,ROI_32,ROI_12,0.0,0.0,0.0,0.0
29,ROI_32,ROI_13,0.0,0.0,0.0,0.0
29,ROI_32,ROI_14,0.0,0.0,0.0,0.0
29,ROI_32,ROI_15,0.0,0.0,0.0,0.0
29,ROI_32,ROI_16,0.0,0.0,0.0,0.0
29,ROI_32,ROI_17,0.0,0.0,0.0,0.0
29,ROI_32,ROI_18,0.0,0.0,0.0,0.0
29,ROI_32,ROI_19,0.0,0.0,0.0,0.0
29,ROI_30,ROI_59,0.0,0.0,0.0,0.0
29,ROI_30,ROI_57,0.0,0.0,0.0,0.0
29,ROI_28,ROI_54,0.0,0.0,0.0,0.0
29,ROI_29,ROI_36,0.0,0.0,0.0,0.0
29,ROI_29,ROI_24,0.0,0.0,0.0,0.0
29,ROI_29,ROI_25,0.0,0.0,0.0,0.0
29,ROI_29,ROI_26,0.0,0.0,0.0,0.0
29,ROI_29,ROI_27,0.0,0.0,0.0,0.0
29,ROI_29,ROI_28,0.0,0.0,0.0,0.0
29,ROI_29,ROI_29,0.0,0.0,0.0,0.0
29,ROI_29,ROI_30,0.0,0.0,0.0,0.0
29,ROI_29,ROI_31,0.0,0.0,0.0,0.0
29,ROI_29,ROI_32,0.0,0.0,0.0,0.0
29,ROI_29,ROI_33,0.0,0.0,0.0,0.0
29,ROI_29,ROI_34,0.0,0.0,0.0,0.0
29,ROI_29,ROI_35,0.0,0.0,0.0,0.0
29,ROI_29,ROI_37,0.0,0.0,0.0,0.0
29,ROI_30,ROI_56,0.0,0.0,0.0,0.0
29,ROI_29,ROI_38,0.0,0.0,0.0,0.0
29,ROI_29,ROI_40,0.0,0.0,0.0,0.0
29,ROI_29,ROI_41,0.0,0.0,0.0,0.0
29,ROI_29,ROI_43,0.0,0.0,0.0,0.0
29,ROI_29,ROI_44,0.0,0.0,0.0,0.0
29,ROI_29,ROI_45,0.0,0.0,0.0,0.0
29,ROI_29,ROI_46,0.0,0.0,0.0,0.0
29,ROI_29,ROI_47,0.0,0.0,0.0,0.0
29,ROI_29,ROI_48,0.0,0.0,0.0,0.0
29,ROI_29,ROI_49,0.0,0.0,0.0,0.0
29,ROI_29,ROI_50,0.0,0.0,0.0,0.0
29,ROI_29,ROI_51,0.0,0.0,0.0,0.0
29,ROI_29,ROI_23,0.0,0.0,0.0,0.0
29,ROI_29,ROI_22,0.0,0.0,0.0,0.0
29,ROI_29,ROI_21,0.0,0.0,0.0,0.0
29,ROI_29,ROI_19,0.0,0.0,0.0,0.0
29,ROI_28,ROI_55,0.0,0.0,0.0,0.0
29,ROI_28,ROI_56,0.0,0.0,0.0,0.0
29,ROI_28,ROI_57,0.0,0.0,0.0,0.0
29,ROI_28,ROI_58,0.0,0.0,0.0,0.0
29,ROI_28,ROI_59,0.0,0.0,0.0,0.0
29,ROI_28,ROI_60,0.0,0.0,0.0,0.0
29,ROI_28,ROI_61,0.0,0.0,0.0,0.0
29,ROI_28,ROI_62,0.0,0.0,0.0,0.0
29,ROI_29,ROI_1,0.0,0.0,0.0,0.0
29,ROI_29,ROI_2,0.0,0.0,0.0,0.0
29,ROI_29,ROI_3,0.0,0.0,0.0,0.0
29,ROI_29,ROI_4,0.0,0.0,0.0,0.0
29,ROI_29,ROI_5,0.0,0.0,0.0,0.0
29,ROI_29,ROI_6,0.0,0.0,0.0,0.0
29,ROI_29,ROI_7,0.0,0.0,0.0,0.0
29,ROI_29,ROI_8,0.0,0.0,0.0,0.0
29,ROI_29,ROI_9,0.0,0.0,0.0,0.0
29,ROI_29,ROI_10,0.0,0.0,0.0,0.0
29,ROI_29,ROI_11,0.0,0.0,0.0,0.0
29,ROI_29,ROI_13,0.0,0.0,0.0,0.0
29,ROI_29,ROI_14,0.0,0.0,0.0,0.0
29,ROI_29,ROI_15,0.0,0.0,0.0,0.0
29,ROI_29,ROI_16,0.0,0.0,0.0,0.0
29,ROI_29,ROI_17,0.0,0.0,0.0,0.0
29,ROI_29,ROI_18,0.0,0.0,0.0,0.0
29,ROI_29,ROI_52,0.0,0.0,0.0,0.0
29,ROI_29,ROI_53,0.0,0.0,0.0,0.0
29,ROI_29,ROI_54,0.0,0.0,0.0,0.0
29,ROI_30,ROI_27,0.0,0.0,0.0,0.0
29,ROI_30,ROI_29,0.0,0.0,0.0,0.0
29,ROI_30,ROI_30,0.0,0.0,0.0,0.0
29,ROI_30,ROI_31,0.0,0.0,0.0,0.0
29,ROI_30,ROI_32,0.0,0.0,0.0,0.0
29,ROI_30,ROI_33,0.0,0.0,0.0,0.0
29,ROI_30,ROI_34,0.0,0.0,0.0,0.0
29,ROI_30,ROI_35,0.0,0.0,0.0,0.0
29,ROI_30,ROI_36,0.0,0.0,0.0,0.0
29,ROI_30,ROI_37,0.0,0.0,0.0,0.0
29,ROI_30,ROI_38,0.0,0.0,0.0,0.0
29,ROI_30,ROI_39,0.0,0.0,0.0,0.0
29,ROI_30,ROI_40,0.0,0.0,0.0,0.0
29,ROI_30,ROI_41,0.0,0.0,0.0,0.0
29,ROI_30,ROI_43,0.0,0.0,0.0,0.0
29,ROI_30,ROI_44,0.0,0.0,0.0,0.0
29,ROI_30,ROI_45,0.0,0.0,0.0,0.0
29,ROI_30,ROI_46,0.0,0.0,0.0,0.0
29,ROI_30,ROI_47,0.0,0.0,0.0,0.0
29,ROI_30,ROI_49,0.0,0.0,0.0,0.0
29,ROI_30,ROI_50,0.0,0.0,0.0,0.0
29,ROI_30,ROI_51,0.0,0.0,0.0,0.0
29,ROI_30,ROI_52,0.0,0.0,0.0,0.0
29,ROI_30,ROI_53,0.0,0.0,0.0,0.0
29,ROI_30,ROI_54,0.0,0.0,0.0,0.0
29,ROI_30,ROI_55,0.0,0.0,0.0,0.0
29,ROI_30,ROI_28,0.0,0.0,0.0,0.0
29,ROI_30,ROI_26,0.0,0.0,0.0,0.0
29,ROI_29,ROI_55,0.0,0.0,0.0,0.0
29,ROI_30,ROI_24,0.0,0.0,0.0,0.0
29,ROI_29,ROI_58,0.0,0.0,0.0,0.0
29,ROI_29,ROI_59,0.0,0.0,0.0,0.0
29,ROI_29,ROI_60,0.0,0.0,0.0,0.0
29,ROI_29,ROI_61,0.0,0.0,0.0,0.0
29,ROI_29,ROI_62,0.0,0.0,0.0,0.0
29,ROI_30,ROI_1,0.0,0.0,0.0,0.0
29,ROI_30,ROI_2,0.0,0.0,0.0,0.0
29,ROI_30,ROI_3,0.0,0.0,0.0,0.0
29,ROI_30,ROI_4,0.0,0.0,0.0,0.0
29,ROI_30,ROI_5,0.0,0.0,0.0,0.0
29,ROI_30,ROI_7,0.0,0.0,0.0,0.0
29,ROI_30,ROI_8,0.0,0.0,0.0,0.0
29,ROI_30,ROI_9,0.0,0.0,0.0,0.0
29,ROI_30,ROI_10,0.0,0.0,0.0,0.0
29,ROI_30,ROI_11,0.0,0.0,0.0,0.0
29,ROI_30,ROI_13,0.0,0.0,0.0,0.0
29,ROI_30,ROI_15,0.0,0.0,0.0,0.0
29,ROI_30,ROI_16,0.0,0.0,0.0,0.0
29,ROI_30,ROI_17,0.0,0.0,0.0,0.0
29,ROI_30,ROI_18,0.0,0.0,0.0,0.0
29,ROI_30,ROI_19,0.0,0.0,0.0,0.0
29,ROI_30,ROI_20,0.0,0.0,0.0,0.0
29,ROI_30,ROI_21,0.0,0.0,0.0,0.0
29,ROI_30,ROI_22,0.0,0.0,0.0,0.0
29,ROI_30,ROI_23,0.0,0.0,0.0,0.0
29,ROI_24,ROI_61,0.0,0.0,0.0,0.0
29,ROI_24,ROI_59,0.0,0.0,0.0,0.0
29,ROI_24,ROI_57,0.0,0.0,0.0,0.0
29,ROI_19,ROI_41,0.0,0.0,0.0,0.0
29,ROI_19,ROI_29,0.0,0.0,0.0,0.0
29,ROI_19,ROI_30,0.0,0.0,0.0,0.0
29,ROI_19,ROI_31,0.0,0.0,0.0,0.0
29,ROI_19,ROI_32,0.0,0.0,0.0,0.0
29,ROI_19,ROI_33,0.0,0.0,0.0,0.0
29,ROI_19,ROI_34,0.0,0.0,0.0,0.0
29,ROI_19,ROI_35,0.0,0.0,0.0,0.0
29,ROI_19,ROI_36,0.0,0.0,0.0,0.0
29,ROI_19,ROI_37,0.0,0.0,0.0,0.0
29,ROI_19,ROI_38,0.0,0.0,0.0,0.0
29,ROI_19,ROI_39,0.0,0.0,0.0,0.0
29,ROI_19,ROI_40,0.0,0.0,0.0,0.0
29,ROI_19,ROI_42,0.0,0.0,0.0,0.0
29,ROI_18,ROI_59,0.0,0.0,0.0,0.0
29,ROI_19,ROI_43,0.0,0.0,0.0,0.0
29,ROI_19,ROI_44,0.0,0.0,0.0,0.0
29,ROI_19,ROI_45,0.0,0.0,0.0,0.0
29,ROI_19,ROI_46,0.0,0.0,0.0,0.0
29,ROI_19,ROI_47,0.0,0.0,0.0,0.0
29,ROI_19,ROI_48,0.0,0.0,0.0,0.0
29,ROI_19,ROI_49,0.0,0.0,0.0,0.0
29,ROI_19,ROI_50,0.0,0.0,0.0,0.0
29,ROI_19,ROI_51,0.0,0.0,0.0,0.0
29,ROI_19,ROI_52,0.0,0.0,0.0,0.0
29,ROI_19,ROI_53,0.0,0.0,0.0,0.0
29,ROI_19,ROI_54,0.0,0.0,0.0,0.0
29,ROI_19,ROI_28,0.0,0.0,0.0,0.0
29,ROI_19,ROI_27,0.0,0.0,0.0,0.0
29,ROI_19,ROI_26,0.0,0.0,0.0,0.0
29,ROI_19,ROI_25,0.0,0.0,0.0,0.0
29,ROI_18,ROI_61,0.0,0.0,0.0,0.0
29,ROI_18,ROI_62,0.0,0.0,0.0,0.0
29,ROI_19,ROI_1,0.0,0.0,0.0,0.0
29,ROI_19,ROI_2,0.0,0.0,0.0,0.0
29,ROI_19,ROI_3,0.0,0.0,0.0,0.0
29,ROI_19,ROI_4,0.0,0.0,0.0,0.0
29,ROI_19,ROI_5,0.0,0.0,0.0,0.0
29,ROI_19,ROI_6,0.0,0.0,0.0,0.0
29,ROI_19,ROI_7,0.0,0.0,0.0,0.0
29,ROI_19,ROI_8,0.0,0.0,0.0,0.0
29,ROI_19,ROI_9,0.0,0.0,0.0,0.0
29,ROI_19,ROI_10,0.0,0.0,0.0,0.0
29,ROI_19,ROI_11,0.0,0.0,0.0,0.0
29,ROI_19,ROI_12,0.0,0.0,0.0,0.0
29,ROI_19,ROI_13,0.0,0.0,0.0,0.0
29,ROI_19,ROI_14,0.0,0.0,0.0,0.0
29,ROI_19,ROI_15,0.0,0.0,0.0,0.0
29,ROI_19,ROI_16,0.0,0.0,0.0,0.0
29,ROI_19,ROI_17,0.0,0.0,0.0,0.0
29,ROI_19,ROI_18,0.0,0.0,0.0,0.0
29,ROI_19,ROI_19,0.0,0.0,0.0,0.0
29,ROI_19,ROI_21,0.0,0.0,0.0,0.0
29,ROI_19,ROI_22,0.0,0.0,0.0,0.0
29,ROI_19,ROI_23,0.0,0.0,0.0,0.0
29,ROI_19,ROI_24,0.0,0.0,0.0,0.0
29,ROI_19,ROI_55,0.0,0.0,0.0,0.0
29,ROI_19,ROI_56,0.0,0.0,0.0,0.0
29,ROI_19,ROI_57,0.0,0.0,0.0,0.0
29,ROI_20,ROI_26,0.0,0.0,0.0,0.0
29,ROI_20,ROI_28,0.0,0.0,0.0,0.0
29,ROI_20,ROI_29,0.0,0.0,0.0,0.0
29,ROI_20,ROI_30,0.0,0.0,0.0,0.0
29,ROI_20,ROI_31,0.0,0.0,0.0,0.0
29,ROI_20,ROI_32,0.0,0.0,0.0,0.0
29,ROI_20,ROI_33,0.0,0.0,0.0,0.0
29,ROI_20,ROI_34,0.0,0.0,0.0,0.0
29,ROI_20,ROI_35,0.0,0.0,0.0,0.0
29,ROI_20,ROI_38,0.0,0.0,0.0,0.0
29,ROI_20,ROI_39,0.0,0.0,0.0,0.0
29,ROI_20,ROI_40,0.0,0.0,0.0,0.0
29,ROI_20,ROI_41,0.0,0.0,0.0,0.0
29,ROI_20,ROI_42,0.0,0.0,0.0,0.0
29,ROI_20,ROI_44,0.0,0.0,0.0,0.0
29,ROI_20,ROI_46,0.0,0.0,0.0,0.0
29,ROI_20,ROI_47,0.0,0.0,0.0,0.0
29,ROI_20,ROI_48,0.0,0.0,0.0,0.0
29,ROI_20,ROI_49,0.0,0.0,0.0,0.0
29,ROI_20,ROI_50,0.0,0.0,0.0,0.0
29,ROI_20,ROI_51,0.0,0.0,0.0,0.0
29,ROI_20,ROI_52,0.0,0.0,0.0,0.0
29,ROI_20,ROI_53,0.0,0.0,0.0,0.0
29,ROI_20,ROI_54,0.0,0.0,0.0,0.0
29,ROI_20,ROI_55,0.0,0.0,0.0,0.0
29,ROI_20,ROI_56,0.0,0.0,0.0,0.0
29,ROI_20,ROI_27,0.0,0.0,0.0,0.0
29,ROI_20,ROI_25,0.0,0.0,0.0,0.0
29,ROI_19,ROI_58,0.0,0.0,0.0,0.0
29,ROI_20,ROI_23,0.0,0.0,0.0,0.0
29,ROI_19,ROI_59,0.0,0.0,0.0,0.0
29,ROI_19,ROI_60,0.0,0.0,0.0,0.0
29,ROI_19,ROI_61,0.0,0.0,0.0,0.0
29,ROI_19,ROI_62,0.0,0.0,0.0,0.0
29,ROI_20,ROI_1,0.0,0.0,0.0,0.0
29,ROI_20,ROI_2,0.0,0.0,0.0,0.0
29,ROI_20,ROI_4,0.0,0.0,0.0,0.0
29,ROI_20,ROI_5,0.0,0.0,0.0,0.0
29,ROI_20,ROI_6,0.0,0.0,0.0,0.0
29,ROI_20,ROI_7,0.0,0.0,0.0,0.0
29,ROI_20,ROI_8,0.0,0.0,0.0,0.0
29,ROI_20,ROI_9,0.0,0.0,0.0,0.0
29,ROI_20,ROI_10,0.0,0.0,0.0,0.0
29,ROI_20,ROI_11,0.0,0.0,0.0,0.0
29,ROI_20,ROI_12,0.0,0.0,0.0,0.0
29,ROI_20,ROI_13,0.0,0.0,0.0,0.0
29,ROI_20,ROI_14,0.0,0.0,0.0,0.0
29,ROI_20,ROI_15,0.0,0.0,0.0,0.0
29,ROI_20,ROI_16,0.0,0.0,0.0,0.0
29,ROI_20,ROI_17,0.0,0.0,0.0,0.0
29,ROI_20,ROI_18,0.0,0.0,0.0,0.0
29,ROI_20,ROI_19,0.0,0.0,0.0,0.0
29,ROI_20,ROI_20,0.0,0.0,0.0,0.0
29,ROI_20,ROI_21,0.0,0.0,0.0,0.0
29,ROI_20,ROI_22,0.0,0.0,0.0,0.0
29,ROI_18,ROI_60,0.0,0.0,0.0,0.0
29,ROI_18,ROI_58,0.0,0.0,0.0,0.0
29,ROI_24,ROI_56,0.0,0.0,0.0,0.0
29,ROI_17,ROI_45,0.0,0.0,0.0,0.0
29,ROI_17,ROI_31,0.0,0.0,0.0,0.0
29,ROI_17,ROI_32,0.0,0.0,0.0,0.0
29,ROI_17,ROI_33,0.0,0.0,0.0,0.0
29,ROI_17,ROI_34,0.0,0.0,0.0,0.0
29,ROI_17,ROI_35,0.0,0.0,0.0,0.0
29,ROI_17,ROI_36,0.0,0.0,0.0,0.0
29,ROI_17,ROI_37,0.0,0.0,0.0,0.0
29,ROI_17,ROI_38,0.0,0.0,0.0,0.0
29,ROI_17,ROI_39,0.0,0.0,0.0,0.0
29,ROI_17,ROI_40,0.0,0.0,0.0,0.0
29,ROI_17,ROI_41,0.0,0.0,0.0,0.0
29,ROI_17,ROI_43,0.0,0.0,0.0,0.0
29,ROI_17,ROI_46,0.0,0.0,0.0,0.0
29,ROI_18,ROI_57,0.0,0.0,0.0,0.0
29,ROI_17,ROI_47,0.0,0.0,0.0,0.0
29,ROI_17,ROI_48,0.0,0.0,0.0,0.0
29,ROI_17,ROI_49,0.0,0.0,0.0,0.0
29,ROI_17,ROI_50,0.0,0.0,0.0,0.0
29,ROI_17,ROI_51,0.0,0.0,0.0,0.0
29,ROI_17,ROI_52,0.0,0.0,0.0,0.0
29,ROI_17,ROI_54,0.0,0.0,0.0,0.0
29,ROI_17,ROI_55,0.0,0.0,0.0,0.0
29,ROI_17,ROI_56,0.0,0.0,0.0,0.0
29,ROI_17,ROI_57,0.0,0.0,0.0,0.0
29,ROI_17,ROI_58,0.0,0.0,0.0,0.0
29,ROI_17,ROI_59,0.0,0.0,0.0,0.0
29,ROI_17,ROI_30,0.0,0.0,0.0,0.0
29,ROI_17,ROI_29,0.0,0.0,0.0,0.0
29,ROI_17,ROI_28,0.0,0.0,0.0,0.0
29,ROI_17,ROI_27,0.0,0.0,0.0,0.0
29,ROI_16,ROI_62,0.0,0.0,0.0,0.0
29,ROI_17,ROI_1,0.0,0.0,0.0,0.0
29,ROI_17,ROI_2,0.0,0.0,0.0,0.0
29,ROI_17,ROI_3,0.0,0.0,0.0,0.0
29,ROI_17,ROI_4,0.0,0.0,0.0,0.0
29,ROI_17,ROI_5,0.0,0.0,0.0,0.0
29,ROI_17,ROI_6,0.0,0.0,0.0,0.0
29,ROI_17,ROI_7,0.0,0.0,0.0,0.0
29,ROI_17,ROI_9,0.0,0.0,0.0,0.0
29,ROI_17,ROI_10,0.0,0.0,0.0,0.0
29,ROI_17,ROI_11,0.0,0.0,0.0,0.0
29,ROI_17,ROI_12,0.0,0.0,0.0,0.0
29,ROI_17,ROI_13,0.0,0.0,0.0,0.0
29,ROI_17,ROI_14,0.0,0.0,0.0,0.0
29,ROI_17,ROI_15,0.0,0.0,0.0,0.0
29,ROI_17,ROI_16,0.0,0.0,0.0,0.0
29,ROI_17,ROI_17,0.0,0.0,0.0,0.0
29,ROI_17,ROI_18,0.0,0.0,0.0,0.0
29,ROI_17,ROI_19,0.0,0.0,0.0,0.0
29,ROI_17,ROI_20,0.0,0.0,0.0,0.0
29,ROI_17,ROI_21,0.0,0.0,0.0,0.0
29,ROI_17,ROI_23,0.0,0.0,0.0,0.0
29,ROI_17,ROI_24,0.0,0.0,0.0,0.0
29,ROI_17,ROI_25,0.0,0.0,0.0,0.0
29,ROI_17,ROI_26,0.0,0.0,0.0,0.0
29,ROI_17,ROI_60,0.0,0.0,0.0,0.0
29,ROI_17,ROI_61,0.0,0.0,0.0,0.0
29,ROI_17,ROI_62,0.0,0.0,0.0,0.0
29,ROI_18,ROI_30,0.0,0.0,0.0,0.0
29,ROI_18,ROI_32,0.0,0.0,0.0,0.0
29,ROI_18,ROI_33,0.0,0.0,0.0,0.0
29,ROI_18,ROI_34,0.0,0.0,0.0,0.0
29,ROI_18,ROI_35,0.0,0.0,0.0,0.0
29,ROI_18,ROI_36,0.0,0.0,0.0,0.0
29,ROI_18,ROI_37,0.0,0.0,0.0,0.0
29,ROI_18,ROI_38,0.0,0.0,0.0,0.0
29,ROI_18,ROI_39,0.0,0.0,0.0,0.0
29,ROI_18,ROI_40,0.0,0.0,0.0,0.0
29,ROI_18,ROI_41,0.0,0.0,0.0,0.0
29,ROI_18,ROI_42,0.0,0.0,0.0,0.0
29,ROI_18,ROI_43,0.0,0.0,0.0,0.0
29,ROI_18,ROI_44,0.0,0.0,0.0,0.0
29,ROI_18,ROI_45,0.0,0.0,0.0,0.0
29,ROI_18,ROI_46,0.0,0.0,0.0,0.0
29,ROI_18,ROI_47,0.0,0.0,0.0,0.0
29,ROI_18,ROI_48,0.0,0.0,0.0,0.0
29,ROI_18,ROI_49,0.0,0.0,0.0,0.0
29,ROI_18,ROI_50,0.0,0.0,0.0,0.0
29,ROI_18,ROI_51,0.0,0.0,0.0,0.0
29,ROI_18,ROI_52,0.0,0.0,0.0,0.0
29,ROI_18,ROI_53,0.0,0.0,0.0,0.0
29,ROI_18,ROI_54,0.0,0.0,0.0,0.0
29,ROI_18,ROI_55,0.0,0.0,0.0,0.0
29,ROI_18,ROI_56,0.0,0.0,0.0,0.0
29,ROI_18,ROI_31,0.0,0.0,0.0,0.0
29,ROI_18,ROI_29,0.0,0.0,0.0,0.0
29,ROI_18,ROI_1,0.0,0.0,0.0,0.0
29,ROI_18,ROI_28,0.0,0.0,0.0,0.0
29,ROI_18,ROI_2,0.0,0.0,0.0,0.0
29,ROI_18,ROI_3,0.0,0.0,0.0,0.0
29,ROI_18,ROI_4,0.0,0.0,0.0,0.0
29,ROI_18,ROI_5,0.0,0.0,0.0,0.0
29,ROI_18,ROI_6,0.0,0.0,0.0,0.0
29,ROI_18,ROI_7,0.0,0.0,0.0,0.0
29,ROI_18,ROI_9,0.0,0.0,0.0,0.0
29,ROI_18,ROI_10,0.0,0.0,0.0,0.0
29,ROI_18,ROI_11,0.0,0.0,0.0,0.0
29,ROI_18,ROI_12,0.0,0.0,0.0,0.0
29,ROI_18,ROI_13,0.0,0.0,0.0,0.0
29,ROI_18,ROI_14,0.0,0.0,0.0,0.0
29,ROI_18,ROI_15,0.0,0.0,0.0,0.0
29,ROI_18,ROI_16,0.0,0.0,0.0,0.0
29,ROI_18,ROI_17,0.0,0.0,0.0,0.0
29,ROI_18,ROI_18,0.0,0.0,0.0,0.0
29,ROI_18,ROI_19,0.0,0.0,0.0,0.0
29,ROI_18,ROI_20,0.0,0.0,0.0,0.0
29,ROI_18,ROI_21,0.0,0.0,0.0,0.0
29,ROI_18,ROI_22,0.0,0.0,0.0,0.0
29,ROI_18,ROI_23,0.0,0.0,0.0,0.0
29,ROI_18,ROI_24,0.0,0.0,0.0,0.0
29,ROI_18,ROI_25,0.0,0.0,0.0,0.0
29,ROI_18,ROI_26,0.0,0.0,0.0,0.0
29,ROI_18,ROI_27,0.0,0.0,0.0,0.0
29,ROI_20,ROI_57,0.0,0.0,0.0,0.0
29,ROI_20,ROI_58,0.0,0.0,0.0,0.0
29,ROI_20,ROI_59,0.0,0.0,0.0,0.0
29,ROI_23,ROI_42,0.0,0.0,0.0,0.0
29,ROI_23,ROI_29,0.0,0.0,0.0,0.0
29,ROI_23,ROI_30,0.0,0.0,0.0,0.0
29,ROI_23,ROI_31,0.0,0.0,0.0,0.0
29,ROI_23,ROI_33,0.0,0.0,0.0,0.0
29,ROI_23,ROI_34,0.0,0.0,0.0,0.0
29,ROI_23,ROI_35,0.0,0.0,0.0,0.0
29,ROI_23,ROI_36,0.0,0.0,0.0,0.0
29,ROI_23,ROI_37,0.0,0.0,0.0,0.0
29,ROI_23,ROI_38,0.0,0.0,0.0,0.0
29,ROI_23,ROI_39,0.0,0.0,0.0,0.0
29,ROI_23,ROI_40,0.0,0.0,0.0,0.0
29,ROI_23,ROI_41,0.0,0.0,0.0,0.0
29,ROI_23,ROI_43,0.0,0.0,0.0,0.0
29,ROI_20,ROI_60,0.0,0.0,0.0,0.0
29,ROI_23,ROI_44,0.0,0.0,0.0,0.0
29,ROI_23,ROI_45,0.0,0.0,0.0,0.0
29,ROI_23,ROI_46,0.0,0.0,0.0,0.0
29,ROI_23,ROI_47,0.0,0.0,0.0,0.0
29,ROI_23,ROI_48,0.0,0.0,0.0,0.0
29,ROI_23,ROI_50,0.0,0.0,0.0,0.0
29,ROI_23,ROI_51,0.0,0.0,0.0,0.0
29,ROI_23,ROI_52,0.0,0.0,0.0,0.0
29,ROI_23,ROI_53,0.0,0.0,0.0,0.0
29,ROI_23,ROI_54,0.0,0.0,0.0,0.0
29,ROI_23,ROI_55,0.0,0.0,0.0,0.0
29,ROI_23,ROI_56,0.0,0.0,0.0,0.0
29,ROI_23,ROI_28,0.0,0.0,0.0,0.0
29,ROI_23,ROI_27,0.0,0.0,0.0,0.0
29,ROI_23,ROI_26,0.0,0.0,0.0,0.0
29,ROI_23,ROI_25,0.0,0.0,0.0,0.0
29,ROI_22,ROI_60,0.0,0.0,0.0,0.0
29,ROI_22,ROI_61,0.0,0.0,0.0,0.0
29,ROI_22,ROI_62,0.0,0.0,0.0,0.0
29,ROI_23,ROI_1,0.0,0.0,0.0,0.0
29,ROI_23,ROI_2,0.0,0.0,0.0,0.0
29,ROI_23,ROI_3,0.0,0.0,0.0,0.0
29,ROI_23,ROI_4,0.0,0.0,0.0,0.0
29,ROI_23,ROI_5,0.0,0.0,0.0,0.0
29,ROI_23,ROI_6,0.0,0.0,0.0,0.0
29,ROI_23,ROI_7,0.0,0.0,0.0,0.0
29,ROI_23,ROI_9,0.0,0.0,0.0,0.0
29,ROI_23,ROI_11,0.0,0.0,0.0,0.0
29,ROI_23,ROI_12,0.0,0.0,0.0,0.0
29,ROI_23,ROI_13,0.0,0.0,0.0,0.0
29,ROI_23,ROI_14,0.0,0.0,0.0,0.0
29,ROI_23,ROI_15,0.0,0.0,0.0,0.0
29,ROI_23,ROI_16,0.0,0.0,0.0,0.0
29,ROI_23,ROI_17,0.0,0.0,0.0,0.0
29,ROI_23,ROI_18,0.0,0.0,0.0,0.0
29,ROI_23,ROI_19,0.0,0.0,0.0,0.0
29,ROI_23,ROI_20,0.0,0.0,0.0,0.0
29,ROI_23,ROI_21,0.0,0.0,0.0,0.0
29,ROI_23,ROI_22,0.0,0.0,0.0,0.0
29,ROI_23,ROI_23,0.0,0.0,0.0,0.0
29,ROI_23,ROI_24,0.0,0.0,0.0,0.0
29,ROI_23,ROI_57,0.0,0.0,0.0,0.0
29,ROI_23,ROI_58,0.0,0.0,0.0,0.0
29,ROI_23,ROI_59,0.0,0.0,0.0,0.0
29,ROI_24,ROI_28,0.0,0.0,0.0,0.0
29,ROI_24,ROI_30,0.0,0.0,0.0,0.0
29,ROI_24,ROI_31,0.0,0.0,0.0,0.0
29,ROI_24,ROI_33,0.0,0.0,0.0,0.0
29,ROI_24,ROI_34,0.0,0.0,0.0,0.0
29,ROI_24,ROI_35,0.0,0.0,0.0,0.0
29,ROI_24,ROI_36,0.0,0.0,0.0,0.0
29,ROI_24,ROI_37,0.0,0.0,0.0,0.0
29,ROI_24,ROI_38,0.0,0.0,0.0,0.0
29,ROI_24,ROI_39,0.0,0.0,0.0,0.0
29,ROI_24,ROI_40,0.0,0.0,0.0,0.0
29,ROI_24,ROI_41,0.0,0.0,0.0,0.0
29,ROI_24,ROI_42,0.0,0.0,0.0,0.0
29,ROI_24,ROI_43,0.0,0.0,0.0,0.0
29,ROI_24,ROI_44,0.0,0.0,0.0,0.0
29,ROI_24,ROI_45,0.0,0.0,0.0,0.0
29,ROI_24,ROI_46,0.0,0.0,0.0,0.0
29,ROI_24,ROI_47,0.0,0.0,0.0,0.0
29,ROI_24,ROI_48,0.0,0.0,0.0,0.0
29,ROI_24,ROI_49,0.0,0.0,0.0,0.0
29,ROI_24,ROI_50,0.0,0.0,0.0,0.0
29,ROI_24,ROI_51,0.0,0.0,0.0,0.0
29,ROI_24,ROI_52,0.0,0.0,0.0,0.0
29,ROI_24,ROI_53,0.0,0.0,0.0,0.0
29,ROI_24,ROI_54,0.0,0.0,0.0,0.0
29,ROI_24,ROI_55,0.0,0.0,0.0,0.0
29,ROI_24,ROI_29,0.0,0.0,0.0,0.0
29,ROI_24,ROI_27,0.0,0.0,0.0,0.0
29,ROI_23,ROI_60,0.0,0.0,0.0,0.0
29,ROI_24,ROI_26,0.0,0.0,0.0,0.0
29,ROI_23,ROI_61,0.0,0.0,0.0,0.0
29,ROI_23,ROI_62,0.0,0.0,0.0,0.0
29,ROI_24,ROI_1,0.0,0.0,0.0,0.0
29,ROI_24,ROI_2,0.0,0.0,0.0,0.0
29,ROI_24,ROI_3,0.0,0.0,0.0,0.0
29,ROI_24,ROI_4,0.0,0.0,0.0,0.0
29,ROI_24,ROI_5,0.0,0.0,0.0,0.0
29,ROI_24,ROI_6,0.0,0.0,0.0,0.0
29,ROI_24,ROI_7,0.0,0.0,0.0,0.0
29,ROI_24,ROI_9,0.0,0.0,0.0,0.0
29,ROI_24,ROI_10,0.0,0.0,0.0,0.0
29,ROI_24,ROI_11,0.0,0.0,0.0,0.0
29,ROI_24,ROI_12,0.0,0.0,0.0,0.0
29,ROI_24,ROI_13,0.0,0.0,0.0,0.0
29,ROI_24,ROI_14,0.0,0.0,0.0,0.0
29,ROI_24,ROI_15,0.0,0.0,0.0,0.0
29,ROI_24,ROI_16,0.0,0.0,0.0,0.0
29,ROI_24,ROI_17,0.0,0.0,0.0,0.0
29,ROI_24,ROI_18,0.0,0.0,0.0,0.0
29,ROI_24,ROI_19,0.0,0.0,0.0,0.0
29,ROI_24,ROI_20,0.0,0.0,0.0,0.0
29,ROI_24,ROI_21,0.0,0.0,0.0,0.0
29,ROI_24,ROI_22,0.0,0.0,0.0,0.0
29,ROI_24,ROI_23,0.0,0.0,0.0,0.0
29,ROI_24,ROI_25,0.0,0.0,0.0,0.0
29,ROI_22,ROI_59,0.0,0.0,0.0,0.0
29,ROI_22,ROI_58,0.0,0.0,0.0,0.0
29,ROI_22,ROI_57,0.0,0.0,0.0,0.0
29,ROI_21,ROI_27,0.0,0.0,0.0,0.0
29,ROI_21,ROI_29,0.0,0.0,0.0,0.0
29,ROI_21,ROI_30,0.0,0.0,0.0,0.0
29,ROI_21,ROI_31,0.0,0.0,0.0,0.0
29,ROI_21,ROI_32,0.0,0.0,0.0,0.0
29,ROI_21,ROI_33,0.0,0.0,0.0,0.0
29,ROI_21,ROI_34,0.0,0.0,0.0,0.0
29,ROI_21,ROI_35,0.0,0.0,0.0,0.0
29,ROI_21,ROI_36,0.0,0.0,0.0,0.0
29,ROI_21,ROI_37,0.0,0.0,0.0,0.0
29,ROI_21,ROI_38,0.0,0.0,0.0,0.0
29,ROI_21,ROI_39,0.0,0.0,0.0,0.0
29,ROI_21,ROI_40,0.0,0.0,0.0,0.0
29,ROI_21,ROI_41,0.0,0.0,0.0,0.0
29,ROI_21,ROI_42,0.0,0.0,0.0,0.0
29,ROI_21,ROI_43,0.0,0.0,0.0,0.0
29,ROI_21,ROI_44,0.0,0.0,0.0,0.0
29,ROI_21,ROI_45,0.0,0.0,0.0,0.0
29,ROI_21,ROI_46,0.0,0.0,0.0,0.0
29,ROI_21,ROI_47,0.0,0.0,0.0,0.0
29,ROI_21,ROI_48,0.0,0.0,0.0,0.0
29,ROI_21,ROI_49,0.0,0.0,0.0,0.0
29,ROI_21,ROI_50,0.0,0.0,0.0,0.0
29,ROI_21,ROI_51,0.0,0.0,0.0,0.0
29,ROI_21,ROI_52,0.0,0.0,0.0,0.0
29,ROI_21,ROI_53,0.0,0.0,0.0,0.0
29,ROI_21,ROI_28,0.0,0.0,0.0,0.0
29,ROI_21,ROI_26,0.0,0.0,0.0,0.0
29,ROI_21,ROI_55,0.0,0.0,0.0,0.0
29,ROI_21,ROI_25,0.0,0.0,0.0,0.0
29,ROI_20,ROI_61,0.0,0.0,0.0,0.0
29,ROI_20,ROI_62,0.0,0.0,0.0,0.0
29,ROI_21,ROI_1,0.0,0.0,0.0,0.0
29,ROI_21,ROI_2,0.0,0.0,0.0,0.0
29,ROI_21,ROI_3,0.0,0.0,0.0,0.0
29,ROI_21,ROI_4,0.0,0.0,0.0,0.0
29,ROI_21,ROI_6,0.0,0.0,0.0,0.0
29,ROI_21,ROI_7,0.0,0.0,0.0,0.0
29,ROI_21,ROI_8,0.0,0.0,0.0,0.0
29,ROI_21,ROI_9,0.0,0.0,0.0,0.0
29,ROI_21,ROI_10,0.0,0.0,0.0,0.0
29,ROI_21,ROI_11,0.0,0.0,0.0,0.0
29,ROI_21,ROI_12,0.0,0.0,0.0,0.0
29,ROI_21,ROI_13,0.0,0.0,0.0,0.0
29,ROI_21,ROI_14,0.0,0.0,0.0,0.0
29,ROI_21,ROI_15,0.0,0.0,0.0,0.0
29,ROI_21,ROI_16,0.0,0.0,0.0,0.0
29,ROI_21,ROI_17,0.0,0.0,0.0,0.0
29,ROI_21,ROI_18,0.0,0.0,0.0,0.0
29,ROI_21,ROI_19,0.0,0.0,0.0,0.0
29,ROI_21,ROI_20,0.0,0.0,0.0,0.0
29,ROI_21,ROI_21,0.0,0.0,0.0,0.0
29,ROI_21,ROI_22,0.0,0.0,0.0,0.0
29,ROI_21,ROI_23,0.0,0.0,0.0,0.0
29,ROI_21,ROI_24,0.0,0.0,0.0,0.0
29,ROI_21,ROI_54,0.0,0.0,0.0,0.0
29,ROI_21,ROI_56,0.0,0.0,0.0,0.0
29,ROI_22,ROI_55,0.0,0.0,0.0,0.0
29,ROI_22,ROI_25,0.0,0.0,0.0,0.0
29,ROI_22,ROI_27,0.0,0.0,0.0,0.0
29,ROI_22,ROI_28,0.0,0.0,0.0,0.0
29,ROI_22,ROI_29,0.0,0.0,0.0,0.0
29,ROI_22,ROI_30,0.0,0.0,0.0,0.0
29,ROI_22,ROI_31,0.0,0.0,0.0,0.0
29,ROI_22,ROI_32,0.0,0.0,0.0,0.0
29,ROI_22,ROI_34,0.0,0.0,0.0,0.0
29,ROI_22,ROI_35,0.0,0.0,0.0,0.0
29,ROI_22,ROI_36,0.0,0.0,0.0,0.0
29,ROI_22,ROI_38,0.0,0.0,0.0,0.0
29,ROI_22,ROI_39,0.0,0.0,0.0,0.0
29,ROI_22,ROI_40,0.0,0.0,0.0,0.0
29,ROI_22,ROI_41,0.0,0.0,0.0,0.0
29,ROI_22,ROI_42,0.0,0.0,0.0,0.0
29,ROI_22,ROI_43,0.0,0.0,0.0,0.0
29,ROI_22,ROI_44,0.0,0.0,0.0,0.0
29,ROI_22,ROI_45,0.0,0.0,0.0,0.0
29,ROI_22,ROI_46,0.0,0.0,0.0,0.0
29,ROI_22,ROI_48,0.0,0.0,0.0,0.0
29,ROI_22,ROI_49,0.0,0.0,0.0,0.0
29,ROI_22,ROI_50,0.0,0.0,0.0,0.0
29,ROI_22,ROI_51,0.0,0.0,0.0,0.0
29,ROI_22,ROI_52,0.0,0.0,0.0,0.0
29,ROI_22,ROI_53,0.0,0.0,0.0,0.0
29,ROI_22,ROI_54,0.0,0.0,0.0,0.0
29,ROI_22,ROI_26,0.0,0.0,0.0,0.0
29,ROI_22,ROI_24,0.0,0.0,0.0,0.0
29,ROI_21,ROI_57,0.0,0.0,0.0,0.0
29,ROI_22,ROI_23,0.0,0.0,0.0,0.0
29,ROI_21,ROI_58,0.0,0.0,0.0,0.0
29,ROI_21,ROI_59,0.0,0.0,0.0,0.0
29,ROI_21,ROI_60,0.0,0.0,0.0,0.0
29,ROI_21,ROI_61,0.0,0.0,0.0,0.0
29,ROI_21,ROI_62,0.0,0.0,0.0,0.0
29,ROI_22,ROI_1,0.0,0.0,0.0,0.0
29,ROI_22,ROI_2,0.0,0.0,0.0,0.0
29,ROI_22,ROI_3,0.0,0.0,0.0,0.0
29,ROI_22,ROI_4,0.0,0.0,0.0,0.0
29,ROI_22,ROI_5,0.0,0.0,0.0,0.0
29,ROI_22,ROI_6,0.0,0.0,0.0,0.0
29,ROI_22,ROI_7,0.0,0.0,0.0,0.0
29,ROI_22,ROI_8,0.0,0.0,0.0,0.0
29,ROI_22,ROI_9,0.0,0.0,0.0,0.0
29,ROI_22,ROI_10,0.0,0.0,0.0,0.0
29,ROI_22,ROI_12,0.0,0.0,0.0,0.0
29,ROI_22,ROI_13,0.0,0.0,0.0,0.0
29,ROI_22,ROI_14,0.0,0.0,0.0,0.0
29,ROI_22,ROI_15,0.0,0.0,0.0,0.0
29,ROI_22,ROI_16,0.0,0.0,0.0,0.0
29,ROI_22,ROI_17,0.0,0.0,0.0,0.0
29,ROI_22,ROI_18,0.0,0.0,0.0,0.0
29,ROI_22,ROI_20,0.0,0.0,0.0,0.0
29,ROI_22,ROI_21,0.0,0.0,0.0,0.0
29,ROI_22,ROI_22,0.0,0.0,0.0,0.0
29,ROI_62,ROI_62,0.0,0.0,0.0,0.0
